time,remaining_qty,slice_qty,mid_now,best_bid,best_ask,spread_ticks,imbalance,vol_ema,time_ratio,fill_ratio,schedule_error,ml_ready,ml_predicted_move,ml_urgency,ml_triggered,forced_ioc,skip,raw_action,final_action,ml_horizon_ms,ml_threshold
1767225600000,7000,11,876433,876433,876434,1,-0.101283,0,0,0,0,0,0,0,0,0,0,exec_passive,exec_passive,1000,0.05
1767226500000,7000,11,877281,877281,877282,1,0.71696,0.0153874,0.0014881,0,0.0014881,0,0,0,0,0,0,exec_passive,exec_passive,1000,0.05
1767227400000,7000,11,877675,877675,877676,1,-0.201742,1.76381e-08,0.00297619,0,0.00297619,0,0,0,0,0,0,exec_passive,exec_passive,1000,0.05
1767228300000,7000,11,877388,877388,877389,1,0.446179,8.93107e-07,0.00446429,0,0.00446429,0,0,0,0,0,0,exec_ioc_touch,exec_ioc_touch,1000,0.05
1767229200000,6989,11,878044,878044,878045,1,-0.719314,0.0477065,0.00595238,0.00157143,0.00438095,0,0,0,0,0,0,exec_passive,exec_passive,1000,0.05
1767230100000,6989,11,879956,879956,879957,1,-0.666341,5.96905e-05,0.00744048,0.00157143,0.00586905,0,0,0,0,0,0,exec_passive,exec_passive,1000,0.05
1767231000000,6989,11,878731,878731,878732,1,-0.3125,0.0010795,0.00892857,0.00157143,0.00735714,0,0,0,0,0,0,exec_passive,exec_passive,1000,0.05
1767231900000,6989,11,878905,878905,878906,1,0.295542,0.00272099,0.0104167,0.00157143,0.00884524,0,0,0,0,0,0,exec_ioc_touch,exec_ioc_touch,1000,0.05
1767232800000,6978,11,879509,879509,879510,1,0.000571755,0.0696371,0.0119048,0.00314286,0.0087619,0,0,0,0,0,0,exec_passive,exec_passive,1000,0.05
1767233700000,6978,11,880003,880003,880004,1,0.818873,1.76975,0.0133929,0.00314286,0.01025,0,0,0,0,0,0,exec_passive,exec_passive,1000,0.05
1767234600000,6978,11,879606,879606,879607,1,0.452878,2.60278e-10,0.014881,0.00314286,0.0117381,0,0,0,0,0,0,exec_passive,exec_passive,1000,0.05
1767235500000,6978,11,879568,879568,879569,1,0.152381,0.0193078,0.016369,0.00314286,0.0132262,0,0,0,0,0,0,exec_ioc_touch,exec_ioc_touch,1000,0.05
1767236400000,6967,11,879159,879159,879160,1,-0.858302,0.00267975,0.0178571,0.00471429,0.0131429,0,0,0,0,0,0,exec_passive,exec_passive,1000,0.05
1767237300000,6967,11,879834,879834,879835,1,-0.147154,2.6966,0.0193452,0.00471429,0.014631,0,0,0,0,0,0,exec_passive,exec_passive,1000,0.05
1767238200000,6967,11,879234,879234,879235,1,-0.597639,1.9709,0.0208333,0.00471429,0.016119,0,0,0,0,0,0,exec_passive,exec_passive,1000,0.05
1767239100000,6967,11,879372,879372,879373,1,0.699956,7.55542e-06,0.0223214,0.00471429,0.0176071,0,0,0,0,0,0,exec_ioc_touch,exec_ioc_touch,1000,0.05
1767240000000,6956,11,878528,878528,878529,1,0.541855,1.43111,0.0238095,0.00628571,0.0175238,0,0,0,0,0,0,exec_passive,exec_passive,1000,0.05
1767240900000,6956,11,876529,876529,876530,1,-0.0712121,0.148278,0.0252976,0.00628571,0.0190119,0,0,0,0,0,0,exec_passive,exec_passive,1000,0.05
1767241800000,6956,11,876333,876333,876334,1,-0.0553306,8.63015e-05,0.0267857,0.00628571,0.0205,0,0,0,0,0,0,exec_ioc_touch,exec_ioc_touch,1000,0.05
1767242700000,6945,11,875692,875692,875693,1,0.345828,11.4217,0.0282738,0.00785714,0.0204167,0,0,0,0,0,1,exec_skip,exec_skip,1000,0.05
1767243600000,6945,11,875909,875909,875910,1,-0.0578906,0.000128638,0.0297619,0.00785714,0.0219048,1,0.0439853,0.0439853,0,0,0,exec_ioc_touch,exec_ioc_touch,1000,0.05
1767244500000,6934,11,876977,876977,876978,1,-0.284801,1.10123e-09,0.03125,0.00942857,0.0218214,1,0.0427199,0.0427199,0,0,0,exec_ioc_touch,exec_ioc_touch,1000,0.05
1767245400000,6923,11,877040,877040,877041,1,-0.152206,9.32401e-05,0.0327381,0.011,0.0217381,1,0.0427043,0.0427043,0,0,0,exec_ioc_touch,exec_ioc_touch,1000,0.05
1767246300000,6912,11,877022,877022,877023,1,0.35121,1.75094e-19,0.0342262,0.0125714,0.0216548,1,0.0439611,0.0439611,0,0,0,exec_ioc_touch,exec_ioc_touch,1000,0.05
1767247200000,6901,11,877004,877004,877005,1,-0.274069,0.278433,0.0357143,0.0141429,0.0215714,1,0.0406127,0.0406127,0,0,0,exec_ioc_touch,exec_ioc_touch,1000,0.05
1767248100000,6890,11,876536,876536,876537,1,0.622097,1.01946,0.0372024,0.0157143,0.0214881,1,0.0411172,0.0411172,0,0,0,exec_ioc_touch,exec_ioc_touch,1000,0.05
1767249000000,6879,11,876583,876583,876584,1,0.328327,3.17474e-17,0.0386905,0.0172857,0.0214048,1,0.042318,0.042318,0,0,0,exec_ioc_touch,exec_ioc_touch,1000,0.05
1767249900000,6868,11,876655,876655,876656,1,0.257569,0.33275,0.0401786,0.0188571,0.0213214,1,0.040608,0.040608,0,0,0,exec_ioc_touch,exec_ioc_touch,1000,0.05
1767250800000,6857,11,876529,876529,876530,1,-0.183499,6.65866e-09,0.0416667,0.0204286,0.0212381,1,0.0398215,0.0398215,0,0,0,exec_ioc_touch,exec_ioc_touch,1000,0.05
1767251700000,6846,11,876453,876453,876454,1,0.121693,0.00193148,0.0431548,0.022,0.0211548,1,0.0402403,0.0402403,0,0,0,exec_ioc_touch,exec_ioc_touch,1000,0.05
1767252600000,6835,11,876035,876035,876036,1,-0.0509886,0.0152582,0.0446429,0.0235714,0.0210714,1,0.039258,0.039258,0,0,0,exec_ioc_touch,exec_ioc_touch,1000,0.05
1767253500000,6824,11,876362,876362,876363,1,0.0877585,5.76531e-06,0.046131,0.0251429,0.0209881,1,0.354745,0.354745,0,0,0,exec_ioc_touch,exec_ioc_touch,1000,0.05
1767254400000,6813,11,876299,876299,876300,1,0.433657,8.88733e-16,0.047619,0.0267143,0.0209048,1,0.360395,0.360395,0,0,0,exec_ioc_touch,exec_ioc_touch,1000,0.05
1767255300000,6802,11,877550,877550,877551,1,0.335835,0.0207493,0.0491071,0.0282857,0.0208214,1,0.352895,0.352895,0,0,0,exec_ioc_touch,exec_ioc_touch,1000,0.05
1767256200000,6791,11,877370,877370,877371,1,-0.157346,5.43943e-32,0.0505952,0.0298571,0.0207381,1,0.3358,0.3358,0,0,0,exec_ioc_touch,exec_ioc_touch,1000,0.05
1767257100000,6780,11,876935,876935,876936,1,0.571003,0.000397755,0.0520833,0.0314286,0.0206548,1,0.350638,0.350638,0,0,0,exec_ioc_touch,exec_ioc_touch,1000,0.05
1767258000000,6769,11,877688,877688,877689,1,-0.330208,7.11063e-07,0.0535714,0.033,0.0205714,1,1.05014,1.05014,0,0,0,exec_ioc_touch,exec_ioc_touch,1000,0.05
1767258900000,6758,11,878460,878460,878461,1,-0.294382,7.1327e-06,0.0550595,0.0345714,0.0204881,1,1.05144,1.05144,0,0,0,exec_ioc_touch,exec_ioc_touch,1000,0.05
1767259800000,6747,11,878291,878291,878292,1,0.344428,0.0380307,0.0565476,0.0361429,0.0204048,1,1.27139,1.27139,0,0,0,exec_ioc_touch,exec_ioc_touch,1000,0.05
1767260700000,6736,11,878706,878706,878707,1,0.433876,1.76405e-05,0.0580357,0.0377143,0.0203214,1,1.28711,1.28711,0,0,0,exec_ioc_touch,exec_ioc_touch,1000,0.05
1767261600000,6725,11,878814,878814,878815,1,0.289095,0.000123551,0.0595238,0.0392857,0.0202381,1,1.2186,1.2186,0,0,0,exec_ioc_touch,exec_ioc_touch,1000,0.05
1767262500000,6714,11,878630,878630,878631,1,-0.71618,0.0234781,0.0610119,0.0408571,0.0201548,1,0.852107,0.852107,0,0,0,exec_ioc_touch,exec_ioc_touch,1000,0.05
1767263400000,6703,11,878491,878491,878492,1,0.275476,1.29072,0.0625,0.0424286,0.0200714,1,1.18916,1.18916,0,0,0,exec_ioc_touch,exec_ioc_touch,1000,0.05
1767264300000,6692,11,878266,878266,878267,1,0.518908,5.07236e-10,0.0639881,0.044,0.0199881,1,1.26064,1.26064,1,0,0,exec_ioc_touch,exec_ioc_touch,1000,0.05
1767265200000,6681,11,878575,878575,878576,1,-0.518907,0.000129449,0.0654762,0.0455714,0.0199048,1,0.886784,0.886784,1,0,0,exec_ioc_touch,exec_ioc_touch,1000,0.05
1767266100000,6670,11,879206,879206,879207,1,-0.661589,1.3851,0.0669643,0.0471429,0.0198214,1,0.815173,0.815173,1,0,0,exec_ioc_touch,exec_ioc_touch,1000,0.05
1767267000000,6659,11,879186,879186,879187,1,0.762712,0.016304,0.0684524,0.0487143,0.0197381,1,1.31131,1.31131,1,0,0,exec_ioc_touch,exec_ioc_touch,1000,0.05
1767267900000,6648,11,879140,879140,879141,1,0.767442,0.205477,0.0699405,0.0502857,0.0196548,1,1.28815,1.28815,1,0,0,exec_ioc_touch,exec_ioc_touch,1000,0.05
1767268800000,6637,11,880130,880130,880131,1,-0.344277,0.00133848,0.0714286,0.0518571,0.0195714,1,0.900994,0.900994,1,0,0,exec_ioc_touch,exec_ioc_touch,1000,0.05
1767269700000,6626,11,879976,879976,879977,1,-0.348404,0.62329,0.0729167,0.0534286,0.0194881,1,0.879751,0.879751,1,0,0,exec_ioc_touch,exec_ioc_touch,1000,0.05
1767270600000,6615,11,880006,880006,880007,1,0.227902,5.31886e-10,0.0744048,0.055,0.0194048,1,1.07173,1.07173,1,0,0,exec_ioc_touch,exec_ioc_touch,1000,0.05
1767271500000,6604,11,879679,879679,879680,1,0.541512,0.0262969,0.0758929,0.0565714,0.0193214,1,1.16175,1.16175,1,0,0,exec_ioc_touch,exec_ioc_touch,1000,0.05
1767272400000,6593,11,879416,879416,879417,1,-0.398913,1.10605,0.077381,0.0581429,0.0192381,1,0.81936,0.81936,1,0,0,exec_ioc_touch,exec_ioc_touch,1000,0.05
1767273300000,6582,11,879819,879819,879820,1,-0.829615,1.99118,0.078869,0.0597143,0.0191548,1,0.644242,0.644242,1,0,0,exec_ioc_touch,exec_ioc_touch,1000,0.05
1767274200000,6571,11,879813,879813,879814,1,-0.730348,0.000129943,0.0803571,0.0612857,0.0190714,1,0.714436,0.714436,1,0,0,exec_ioc_touch,exec_ioc_touch,1000,0.05
1767275100000,6560,11,879815,879815,879816,1,0.16555,2.95,0.0818452,0.0628571,0.0189881,1,0.914066,0.914066,1,0,0,exec_ioc_touch,exec_ioc_touch,1000,0.05
1767276000000,6549,11,879161,879161,879162,1,-0.355052,0.237004,0.0833333,0.0644286,0.0189048,1,0.597341,0.597341,1,0,0,exec_ioc_touch,exec_ioc_touch,1000,0.05
1767276900000,6538,11,879600,879600,879601,1,-0.184687,4.88756e-10,0.0848214,0.066,0.0188214,1,0.703581,0.703581,1,0,0,exec_ioc_touch,exec_ioc_touch,1000,0.05
1767277800000,6527,11,878687,878687,878688,1,0.530093,0.825611,0.0863095,0.0675714,0.0187381,1,0.687701,0.687701,1,0,0,exec_ioc_touch,exec_ioc_touch,1000,0.05
1767278700000,6516,11,879026,879026,879027,1,-0.155509,4.63199,0.0877976,0.0691429,0.0186548,1,-0.54436,-0.54436,0,0,0,exec_passive,exec_passive,1000,0.05
1767279600000,6516,11,879615,879615,879616,1,-0.531451,0.000462978,0.0892857,0.0691429,0.0201429,1,0.592897,0.592897,0,0,0,exec_ioc_touch,exec_ioc_touch,1000,0.05
1767280500000,6505,11,879847,879847,879848,1,0.395046,0.314834,0.0907738,0.0707143,0.0200595,1,0.777219,0.777219,0,0,0,exec_ioc_touch,exec_ioc_touch,1000,0.05
1767281400000,6494,11,880119,880119,880120,1,0.214258,0.00633891,0.0922619,0.0722857,0.0199762,1,0.793249,0.793249,1,0,0,exec_ioc_touch,exec_ioc_touch,1000,0.05
1767282300000,6483,11,880126,880126,880127,1,0.383809,0.751661,0.09375,0.0738571,0.0198929,1,0.641286,0.641286,1,0,0,exec_ioc_touch,exec_ioc_touch,1000,0.05
1767283200000,6472,11,880314,880314,880315,1,0.306766,0.973516,0.0952381,0.0754286,0.0198095,1,0.551577,0.551577,1,0,0,exec_ioc_touch,exec_ioc_touch,1000,0.05
1767284100000,6461,11,879429,879429,879430,1,-0.503185,1.67801,0.0967262,0.077,0.0197262,1,0.127613,0.127613,1,0,0,exec_ioc_touch,exec_ioc_touch,1000,0.05
1767285000000,6450,11,879607,879607,879608,1,-0.697353,0.00206561,0.0982143,0.0785714,0.0196429,1,0.509486,0.509486,1,0,0,exec_ioc_touch,exec_ioc_touch,1000,0.05
1767285900000,6439,11,879400,879400,879401,1,-0.0585774,3.58781e-05,0.0997024,0.0801429,0.0195595,1,0.686222,0.686222,1,0,0,exec_ioc_touch,exec_ioc_touch,1000,0.05
1767286800000,6428,11,879956,879956,879957,1,0.459644,0.836461,0.10119,0.0817143,0.0194762,1,0.606638,0.606638,1,0,0,exec_ioc_touch,exec_ioc_touch,1000,0.05
1767287700000,6417,11,880521,880521,880522,1,0.731017,2.29845e-06,0.102679,0.0832857,0.0193929,1,0.89482,0.89482,1,0,0,exec_ioc_touch,exec_ioc_touch,1000,0.05
1767288600000,6406,11,882583,882583,882584,1,-0.434783,0.784465,0.104167,0.0848571,0.0193095,1,0.34847,0.34847,1,0,0,exec_ioc_touch,exec_ioc_touch,1000,0.05
1767289500000,6395,11,883497,883497,883498,1,-0.262946,0.32728,0.105655,0.0864286,0.0192262,1,2.70369,2.70369,1,0,0,exec_ioc_touch,exec_ioc_touch,1000,0.05
1767290400000,6384,11,883256,883256,883257,1,0.718387,1.43004,0.107143,0.088,0.0191429,1,3.15811,3.15811,1,0,0,exec_ioc_touch,exec_ioc_touch,1000,0.05
1767291300000,6373,11,881733,881733,881734,1,-0.55665,0.0511586,0.108631,0.0895714,0.0190595,1,3.03298,3.03298,1,0,0,exec_ioc_touch,exec_ioc_touch,1000,0.05
1767292200000,6362,11,881000,881000,881001,1,-0.00613497,0.00322894,0.110119,0.0911429,0.0189762,1,3.13736,3.13736,1,0,0,exec_ioc_touch,exec_ioc_touch,1000,0.05
1767293100000,6351,11,881822,881822,881823,1,0.835684,0.565124,0.111607,0.0927143,0.0188929,1,4.94529,4.94529,1,0,0,exec_ioc_touch,exec_ioc_touch,1000,0.05
1767294000000,6340,11,881999,881999,882000,1,0.569457,0.0498357,0.113095,0.0942857,0.0188095,1,4.34131,4.34131,1,0,0,exec_ioc_touch,exec_ioc_touch,1000,0.05
1767294900000,6329,11,881244,881244,881245,1,0.0713043,3.0551,0.114583,0.0958571,0.0187262,1,6.43133,6.43133,1,0,0,exec_ioc_touch,exec_ioc_touch,1000,0.05
1767295800000,6318,11,881688,881688,881689,1,-0.312367,9.74084e-06,0.116071,0.0974286,0.0186429,1,3.8353,3.8353,1,0,0,exec_ioc_touch,exec_ioc_touch,1000,0.05
1767296700000,6307,11,883328,883328,883329,1,-0.300668,0.00210236,0.11756,0.099,0.0185595,1,3.79855,3.79855,1,0,0,exec_ioc_touch,exec_ioc_touch,1000,0.05
1767297600000,6296,11,883914,883914,883915,1,0.705017,8.68718,0.119048,0.100571,0.0184762,1,10.0473,10.0473,1,0,0,exec_ioc_touch,exec_ioc_touch,1000,0.05
1767298500000,6285,11,883464,883464,883465,1,0.196915,2.48726e-06,0.120536,0.102143,0.0183929,1,3.80743,3.80743,1,0,0,exec_ioc_touch,exec_ioc_touch,1000,0.05
1767299400000,6274,11,883732,883732,883733,1,0.782946,2.86167,0.122024,0.103714,0.0183095,1,4.64173,4.64173,1,0,0,exec_ioc_touch,exec_ioc_touch,1000,0.05
1767300300000,6263,11,882604,882604,882605,1,-0.431558,1.53547,0.123512,0.105286,0.0182262,1,3.79859,3.79859,1,0,0,exec_ioc_touch,exec_ioc_touch,1000,0.05
1767301200000,6252,11,882638,882638,882639,1,-0.067696,1.12748e-09,0.125,0.106857,0.0181429,1,3.58481,3.58481,1,0,0,exec_ioc_touch,exec_ioc_touch,1000,0.05
1767302100000,6241,11,883937,883937,883938,1,-0.374704,0.0126238,0.126488,0.108429,0.0180595,1,3.46077,3.46077,1,0,0,exec_ioc_touch,exec_ioc_touch,1000,0.05
1767303000000,6230,11,883869,883869,883870,1,-0.0930341,3.38957e-05,0.127976,0.11,0.0179762,1,3.5002,3.5002,1,0,0,exec_ioc_touch,exec_ioc_touch,1000,0.05
1767303900000,6219,11,883337,883337,883338,1,-0.428988,0.375226,0.129464,0.111571,0.0178929,1,3.42264,3.42264,1,0,0,exec_ioc_touch,exec_ioc_touch,1000,0.05
1767304800000,6208,11,883899,883899,883900,1,0.505929,0.000806522,0.130952,0.113143,0.0178095,1,3.59616,3.59616,1,0,0,exec_ioc_touch,exec_ioc_touch,1000,0.05
1767305700000,6197,11,885219,885219,885220,1,0.788909,3.23986,0.13244,0.114714,0.0177262,1,4.08365,4.08365,1,0,0,exec_ioc_touch,exec_ioc_touch,1000,0.05
1767306600000,6186,11,885354,885354,885355,1,-0.506849,0.278214,0.133929,0.116286,0.0176429,1,3.25501,3.25501,1,0,0,exec_ioc_touch,exec_ioc_touch,1000,0.05
1767307500000,6175,11,885939,885939,885940,1,0.469586,0.126454,0.135417,0.117857,0.0175595,1,3.45106,3.45106,1,0,0,exec_ioc_touch,exec_ioc_touch,1000,0.05
1767308400000,6164,11,886649,886649,886650,1,0.334906,7.92511,0.136905,0.119429,0.0174762,1,3.91434,3.91434,1,0,0,exec_ioc_touch,exec_ioc_touch,1000,0.05
1767309300000,6153,11,885793,885793,885794,1,-0.590909,1.27178,0.138393,0.121,0.0173929,1,8.46391,8.46391,1,0,0,exec_ioc_touch,exec_ioc_touch,1000,0.05
1767310200000,6142,11,887311,887311,887312,1,0.00156169,8.83823e-05,0.139881,0.122571,0.0173095,1,5.16743,5.16743,1,0,0,exec_ioc_touch,exec_ioc_touch,1000,0.05
1767311100000,6131,11,888821,888821,888822,1,-0.678134,1.17798,0.141369,0.124143,0.0172262,1,10.1971,10.1971,1,0,0,exec_ioc_touch,exec_ioc_touch,1000,0.05
1767312000000,6120,11,888482,888482,888483,1,-0.0585034,0.151929,0.142857,0.125714,0.0171429,1,7.47634,7.47634,1,0,0,exec_ioc_touch,exec_ioc_touch,1000,0.05
1767312900000,6109,11,886429,886429,886430,1,0.645809,0.00550356,0.144345,0.127286,0.0170595,1,6.75993,6.75993,1,0,0,exec_ioc_touch,exec_ioc_touch,1000,0.05
1767313800000,6098,11,887153,887153,887154,1,-0.398408,0.319297,0.145833,0.128857,0.0169762,1,8.07987,8.07987,1,0,0,exec_ioc_touch,exec_ioc_touch,1000,0.05
1767314700000,6087,11,886999,886999,887000,1,0.518552,0.60299,0.147321,0.130429,0.0168929,1,9.34038,9.34038,1,0,0,exec_ioc_touch,exec_ioc_touch,1000,0.05
1767315600000,6076,11,888389,888389,888390,1,0.818996,1.04694,0.14881,0.132,0.0168095,1,11.2374,11.2374,1,0,0,exec_ioc_touch,exec_ioc_touch,1000,0.05
1767316500000,6065,11,887615,887615,887616,1,-0.666912,2.04074,0.150298,0.133571,0.0167262,1,15.6061,15.6061,1,0,0,exec_ioc_touch,exec_ioc_touch,1000,0.05
1767317400000,6054,11,886900,886900,886901,1,0.645266,0.246657,0.151786,0.135143,0.0166429,1,6.42557,6.42557,1,0,0,exec_ioc_touch,exec_ioc_touch,1000,0.05
1767318300000,6043,11,886336,886336,886337,1,-0.362725,0.00186747,0.153274,0.136714,0.0165595,1,5.27997,5.27997,1,0,0,exec_ioc_touch,exec_ioc_touch,1000,0.05
1767319200000,6032,11,886477,886477,886478,1,0.589474,0.0853443,0.154762,0.138286,0.0164762,1,5.66734,5.66734,1,0,0,exec_ioc_touch,exec_ioc_touch,1000,0.05
1767320100000,6021,11,884897,884897,884898,1,-0.426335,0.0198769,0.15625,0.139857,0.0163929,1,5.22214,5.22214,1,0,0,exec_ioc_touch,exec_ioc_touch,1000,0.05
1767321000000,6010,11,884253,884253,884254,1,-0.505521,0.0968073,0.157738,0.141429,0.0163095,1,5.8601,5.8601,1,0,0,exec_ioc_touch,exec_ioc_touch,1000,0.05
1767321900000,5999,11,884840,884840,884841,1,-0.601286,1.27324e-05,0.159226,0.143,0.0162262,1,4.86221,4.86221,1,0,0,exec_ioc_touch,exec_ioc_touch,1000,0.05
1767322800000,5988,11,886418,886418,886419,1,-0.0768203,0.0603777,0.160714,0.144571,0.0161429,1,5.1233,5.1233,1,0,0,exec_ioc_touch,exec_ioc_touch,1000,0.05
1767323700000,5977,11,889601,889601,889602,1,-0.587251,3.92882,0.162202,0.146143,0.0160595,1,19.6534,19.6534,1,0,0,exec_ioc_touch,exec_ioc_touch,1000,0.05
1767324600000,5966,11,888843,888843,888844,1,0.520408,0.12641,0.16369,0.147714,0.0159762,1,6.70688,6.70688,1,0,0,exec_ioc_touch,exec_ioc_touch,1000,0.05
1767325500000,5955,11,889707,889707,889708,1,-0.485742,0.169197,0.165179,0.149286,0.0158929,1,7.65537,7.65537,1,0,0,exec_ioc_touch,exec_ioc_touch,1000,0.05
1767326400000,5944,11,889459,889459,889460,1,-0.738583,0.288581,0.166667,0.150857,0.0158095,1,9.63436,9.63436,1,0,0,exec_ioc_touch,exec_ioc_touch,1000,0.05
1767327300000,5933,11,888157,888157,888158,1,-0.796034,0.0350015,0.168155,0.152429,0.0157262,1,7.28974,7.28974,1,0,0,exec_ioc_touch,exec_ioc_touch,1000,0.05
1767328200000,5922,11,887472,887472,887473,1,0.85488,4.27558,0.169643,0.154,0.0156429,1,29.3641,29.3641,1,0,0,exec_ioc_touch,exec_ioc_touch,1000,0.05
1767329100000,5911,11,887310,887310,887311,1,-0.745658,3.1728,0.171131,0.155571,0.0155595,1,20.8152,20.8152,1,0,0,exec_ioc_touch,exec_ioc_touch,1000,0.05
1767330000000,5900,11,886410,886410,886411,1,-0.268176,1.51253,0.172619,0.157143,0.0154762,1,12.9024,12.9024,1,0,0,exec_ioc_touch,exec_ioc_touch,1000,0.05
1767330900000,5889,11,886799,886799,886800,1,0.118332,0.0341637,0.174107,0.158714,0.0153929,1,6.87003,6.87003,1,0,0,exec_ioc_touch,exec_ioc_touch,1000,0.05
1767331800000,5878,11,885821,885821,885822,1,0.394737,0.000499845,0.175595,0.160286,0.0153095,1,6.7554,6.7554,1,0,0,exec_ioc_touch,exec_ioc_touch,1000,0.05
1767332700000,5867,11,886823,886823,886824,1,0.466569,1.31279,0.177083,0.161857,0.0152262,1,11.9139,11.9139,1,0,0,exec_ioc_touch,exec_ioc_touch,1000,0.05
1767333600000,5856,11,887636,887636,887637,1,-0.0733728,0.291453,0.178571,0.163429,0.0151429,1,7.50767,7.50767,1,0,0,exec_ioc_touch,exec_ioc_touch,1000,0.05
1767334500000,5845,11,887971,887971,887972,1,0.330285,2.26101,0.18006,0.165,0.0150595,1,15.1981,15.1981,1,0,0,exec_ioc_touch,exec_ioc_touch,1000,0.05
1767335400000,5834,11,889254,889254,889255,1,-0.551077,0.000119713,0.181548,0.166571,0.0149762,1,6.00472,6.00472,1,0,0,exec_ioc_touch,exec_ioc_touch,1000,0.05
1767336300000,5823,11,889798,889798,889799,1,-0.74788,0.209251,0.183036,0.168143,0.0148929,1,6.66438,6.66438,1,0,0,exec_ioc_touch,exec_ioc_touch,1000,0.05
1767337200000,5812,11,889438,889438,889439,1,0.369781,1.36918e-05,0.184524,0.169714,0.0148095,1,6.09574,6.09574,1,0,0,exec_ioc_touch,exec_ioc_touch,1000,0.05
1767338100000,5801,11,890389,890389,890390,1,0.18018,0.515892,0.186012,0.171286,0.0147262,1,8.81211,8.81211,1,0,0,exec_ioc_touch,exec_ioc_touch,1000,0.05
1767339000000,5790,11,889045,889045,889046,1,-0.581419,5.92656,0.1875,0.172857,0.0146429,1,28.288,28.288,1,0,0,exec_ioc_touch,exec_ioc_touch,1000,0.05
1767339900000,5779,11,888657,888657,888658,1,0.700487,0.816941,0.188988,0.174429,0.0145595,1,9.12537,9.12537,1,0,0,exec_ioc_touch,exec_ioc_touch,1000,0.05
1767340800000,5768,11,888666,888666,888667,1,0.666811,1.35197,0.190476,0.176,0.0144762,1,12.1063,12.1063,1,0,0,exec_ioc_touch,exec_ioc_touch,1000,0.05
1767341700000,5757,11,890742,890742,890743,1,-0.377613,0.547341,0.191964,0.177571,0.0143929,1,8.43329,8.43329,1,0,0,exec_ioc_touch,exec_ioc_touch,1000,0.05
1767342600000,5746,11,890568,890568,890569,1,-0.615801,3.6634,0.193452,0.179143,0.0143095,1,17.5503,17.5503,1,0,0,exec_ioc_touch,exec_ioc_touch,1000,0.05
1767343500000,5735,11,890963,890963,890964,1,-0.507231,6.37058e-09,0.19494,0.180714,0.0142262,1,7.29057,7.29057,1,0,0,exec_ioc_touch,exec_ioc_touch,1000,0.05
1767344400000,5724,11,891756,891756,891757,1,-0.599497,2.44615,0.196429,0.182286,0.0141429,1,17.343,17.343,1,0,0,exec_ioc_touch,exec_ioc_touch,1000,0.05
1767345300000,5713,11,892493,892493,892494,1,-0.614769,3.38283,0.197917,0.183857,0.0140595,1,20.3131,20.3131,1,0,0,exec_ioc_touch,exec_ioc_touch,1000,0.05
1767346200000,5702,11,891682,891682,891683,1,-0.748242,5.26496,0.199405,0.185429,0.0139762,1,31.4856,31.4856,1,0,0,exec_ioc_touch,exec_ioc_touch,1000,0.05
1767347100000,5691,11,892523,892523,892524,1,-0.0940514,11.0412,0.200893,0.187,0.0138929,1,41.4693,41.4693,0,0,1,exec_skip,exec_skip,1000,0.05
1767348000000,5691,11,894784,894784,894785,1,0.502989,2.52664,0.202381,0.187,0.015381,1,-3.27723,-3.27723,0,0,0,exec_passive,exec_passive,1000,0.05
1767348900000,5691,11,898429,898429,898430,1,-0.0918854,2.72446,0.203869,0.187,0.016869,1,1.02513,1.02513,1,0,0,exec_ioc_touch,exec_ioc_touch,1000,0.05
1767349800000,5680,11,896016,896016,896017,1,0.324248,4.27249,0.205357,0.188571,0.0167857,1,-1.96525,-1.96525,0,0,0,exec_passive,exec_passive,1000,0.05
1767350700000,5680,11,897034,897034,897035,1,-0.315226,0.188042,0.206845,0.188571,0.0182738,1,6.4302,6.4302,1,0,0,exec_ioc_touch,exec_ioc_touch,1000,0.05
1767351600000,5669,11,896594,896594,896595,1,0.53125,0.00180198,0.208333,0.190143,0.0181905,1,7.90115,7.90115,1,0,0,exec_ioc_touch,exec_ioc_touch,1000,0.05
1767352500000,5658,11,895323,895323,895324,1,-0.0582471,0.0147514,0.209821,0.191714,0.0181071,1,9.05513,9.05513,1,0,0,exec_ioc_touch,exec_ioc_touch,1000,0.05
1767353400000,5647,11,893689,893689,893690,1,0.686875,2.99557,0.21131,0.193286,0.0180238,1,3.9048,3.9048,1,0,0,exec_ioc_touch,exec_ioc_touch,1000,0.05
1767354300000,5636,11,895317,895317,895318,1,0.000510465,1.30646,0.212798,0.194857,0.0179405,1,12.1069,12.1069,1,0,0,exec_ioc_touch,exec_ioc_touch,1000,0.05
1767355200000,5625,11,895050,895050,895051,1,0.764767,0.144246,0.214286,0.196429,0.0178571,1,13.6801,13.6801,1,0,0,exec_ioc_touch,exec_ioc_touch,1000,0.05
1767356100000,5614,11,894819,894819,894820,1,-0.317694,0.00233113,0.215774,0.198,0.0177738,1,10.0968,10.0968,1,0,0,exec_ioc_touch,exec_ioc_touch,1000,0.05
1767357000000,5603,11,894697,894697,894698,1,-0.0751371,0.238017,0.217262,0.199571,0.0176905,1,10.3772,10.3772,1,0,0,exec_ioc_touch,exec_ioc_touch,1000,0.05
1767357900000,5592,11,895252,895252,895253,1,0.335449,0.0104802,0.21875,0.201143,0.0176071,1,11.4109,11.4109,1,0,0,exec_ioc_touch,exec_ioc_touch,1000,0.05
1767358800000,5581,11,894079,894079,894080,1,-0.446211,0.0023384,0.220238,0.202714,0.0175238,1,8.89611,8.89611,1,0,0,exec_ioc_touch,exec_ioc_touch,1000,0.05
1767359700000,5570,11,895657,895657,895658,1,-0.776637,49.4542,0.221726,0.204286,0.0174405,1,30.826,30.826,0,0,1,exec_skip,exec_skip,1000,0.05
1767360600000,5570,11,895585,895585,895586,1,0.228464,0.179424,0.223214,0.204286,0.0189286,1,1.57215,1.57215,1,0,0,exec_ioc_touch,exec_ioc_touch,1000,0.05
1767361500000,5559,11,894437,894437,894438,1,-0.0510888,1.43573,0.224702,0.205857,0.0188452,1,-52.8859,-52.8859,0,0,0,exec_passive,exec_passive,1000,0.05
1767362400000,5559,11,893489,893489,893490,1,-0.356347,2.49631,0.22619,0.205857,0.0203333,1,-97.5749,-97.5749,0,0,0,exec_ioc_touch,exec_ioc_touch,1000,0.05
1767363300000,5548,11,891373,891373,891374,1,-0.657568,0.476609,0.227679,0.207429,0.02025,1,-13.7507,-13.7507,0,0,0,exec_ioc_touch,exec_ioc_touch,1000,0.05
1767364200000,5537,11,888867,888867,888868,1,-0.350289,13.556,0.229167,0.209,0.0201667,1,-564.677,-564.677,0,0,1,exec_skip,exec_skip,1000,0.05
1767365100000,5537,11,893968,893968,893969,1,0.687677,16.3603,0.230655,0.209,0.0216548,1,-469.239,-469.239,0,0,1,exec_skip,exec_skip,1000,0.05
1767366000000,5537,11,895804,895804,895805,1,-0.0274069,7.17229,0.232143,0.209,0.0231429,1,1.20939,1.20939,0,0,0,exec_ioc_touch,exec_ioc_touch,1000,0.05
1767366900000,5526,11,891460,891460,891461,1,-0.90179,22.4341,0.233631,0.210571,0.0230595,1,-33.7008,-33.7008,0,0,1,exec_skip,exec_skip,1000,0.05
1767367800000,5526,11,891286,891284,891289,5,-0.80829,6.37733,0.235119,0.210571,0.0245476,1,-73.1958,-73.1958,0,0,0,exec_ioc_touch,exec_ioc_touch,1000,0.05
1767368700000,5515,11,897401,897401,897402,1,-0.810651,19.043,0.236607,0.212143,0.0244643,1,-315.535,-315.535,0,0,1,exec_skip,exec_skip,1000,0.05
1767369600000,5515,11,894055,894055,894056,1,-0.450156,15.2275,0.238095,0.212143,0.0259524,1,372.051,372.051,0,0,1,exec_skip,exec_skip,1000,0.05
1767370500000,5515,11,897769,897769,897770,1,0.506571,6.32396,0.239583,0.212143,0.0274405,1,-38.7812,-38.7812,0,0,0,exec_ioc_touch,exec_ioc_touch,1000,0.05
1767371400000,5504,11,900594,900594,900595,1,0.128945,20.5499,0.241071,0.213714,0.0273571,1,-255.514,-255.514,0,0,1,exec_skip,exec_skip,1000,0.05
1767372300000,5504,11,901287,901287,901288,1,-0.116246,8.78853,0.24256,0.213714,0.0288452,1,492.573,492.573,0,0,0,exec_ioc_touch,exec_ioc_touch,1000,0.05
1767373200000,5493,11,903647,903647,903648,1,-0.288811,6.12166,0.244048,0.215286,0.0287619,1,259.289,259.289,0,0,0,exec_ioc_touch,exec_ioc_touch,1000,0.05
1767374100000,5482,11,906183,906183,906184,1,-0.440392,6.90522,0.245536,0.216857,0.0286786,1,256.486,256.486,0,0,0,exec_ioc_touch,exec_ioc_touch,1000,0.05
1767375000000,5471,11,906058,906058,906059,1,0.0251375,7.91447,0.247024,0.218429,0.0285952,1,286.007,286.007,0,0,0,exec_ioc_touch,exec_ioc_touch,1000,0.05
1767375900000,5460,11,905229,905229,905230,1,-0.0492866,2.23535,0.248512,0.22,0.0285119,1,46.3848,46.3848,0,0,0,exec_ioc_touch,exec_ioc_touch,1000,0.05
1767376800000,5449,11,903772,903772,903773,1,-0.0319693,9.66496,0.25,0.221571,0.0284286,1,170.077,170.077,0,0,0,exec_ioc_touch,exec_ioc_touch,1000,0.05
1767377700000,5438,11,903766,903766,903767,1,0.078203,14.3403,0.251488,0.223143,0.0283452,1,74.0807,74.0807,0,0,1,exec_skip,exec_skip,1000,0.05
1767378600000,5438,11,903048,903048,903049,1,-0.553176,5.63163,0.252976,0.223143,0.0298333,1,-45.3329,-45.3329,0,0,0,exec_ioc_touch,exec_ioc_touch,1000,0.05
1767379500000,5427,11,900084,900084,900085,1,-0.622746,6.95702,0.254464,0.224714,0.02975,1,-77.0035,-77.0035,0,0,0,exec_ioc_touch,exec_ioc_touch,1000,0.05
1767380400000,5416,11,897712,897712,897713,1,0.0107692,3.22925,0.255952,0.226286,0.0296667,1,-24.0334,-24.0334,0,0,0,exec_ioc_touch,exec_ioc_touch,1000,0.05
1767381300000,5405,11,899811,899811,899812,1,-0.318695,2.75134,0.25744,0.227857,0.0295833,1,-4.81196,-4.81196,0,0,0,exec_ioc_touch,exec_ioc_touch,1000,0.05
1767382200000,5394,11,899582,899582,899583,1,0.327596,2.12221,0.258929,0.229429,0.0295,1,0.761848,0.761848,0,0,0,exec_ioc_touch,exec_ioc_touch,1000,0.05
1767383100000,5383,11,899969,899969,899970,1,0.617334,4.13465,0.260417,0.231,0.0294167,1,0.924873,0.924873,0,0,0,exec_ioc_touch,exec_ioc_touch,1000,0.05
1767384000000,5372,11,899015,899015,899016,1,-0.160035,9.71665,0.261905,0.232571,0.0293333,1,43.8704,43.8704,0,0,0,exec_ioc_touch,exec_ioc_touch,1000,0.05
1767384900000,5361,11,900649,900649,900650,1,-0.141741,11.6844,0.263393,0.234143,0.02925,1,25.6746,25.6746,0,0,1,exec_skip,exec_skip,1000,0.05
1767385800000,5361,11,898760,898760,898761,1,-0.714614,6.88011,0.264881,0.234143,0.0307381,1,-13.2297,-13.2297,0,0,0,exec_ioc_touch,exec_ioc_touch,1000,0.05
1767386700000,5350,11,899005,899005,899006,1,0.400953,5.37139,0.266369,0.235714,0.0306548,1,0.787542,0.787542,0,0,0,exec_ioc_touch,exec_ioc_touch,1000,0.05
1767387600000,5339,11,897351,897351,897352,1,-0.281576,38.5585,0.267857,0.237286,0.0305714,1,-31.6022,-31.6022,0,0,1,exec_skip,exec_skip,1000,0.05
1767388500000,5339,11,898021,898021,898022,1,-0.423945,1.73636e-05,0.269345,0.237286,0.0320595,1,5.03239,5.03239,0,0,0,exec_ioc_touch,exec_ioc_touch,1000,0.05
1767389400000,5328,11,899770,899770,899771,1,-0.275936,0.558769,0.270833,0.238857,0.0319762,1,-9.99119,-9.99119,0,0,0,exec_ioc_touch,exec_ioc_touch,1000,0.05
1767390300000,5317,11,899448,899448,899449,1,-0.548285,0.532382,0.272321,0.240429,0.0318929,1,-11.1472,-11.1472,0,0,0,exec_ioc_touch,exec_ioc_touch,1000,0.05
1767391200000,5306,11,900615,900615,900616,1,-0.631491,2.81292,0.27381,0.242,0.0318095,1,-71.462,-71.462,0,0,0,exec_ioc_touch,exec_ioc_touch,1000,0.05
1767392100000,5295,11,901087,901087,901088,1,0.392066,3.26166e-05,0.275298,0.243571,0.0317262,1,10.1723,10.1723,0,0,0,exec_ioc_touch,exec_ioc_touch,1000,0.05
1767393000000,5284,11,901185,901185,901186,1,-0.442976,0.205051,0.276786,0.245143,0.0316429,1,-0.97987,-0.97987,0,0,0,exec_ioc_touch,exec_ioc_touch,1000,0.05
1767393900000,5273,11,902997,902997,902998,1,-0.217997,1.84699,0.278274,0.246714,0.0315595,1,-40.7918,-40.7918,0,0,0,exec_ioc_touch,exec_ioc_touch,1000,0.05
1767394800000,5262,11,901937,901937,901938,1,0.1019,0.00126793,0.279762,0.248286,0.0314762,1,8.32196,8.32196,0,0,0,exec_ioc_touch,exec_ioc_touch,1000,0.05
1767395700000,5251,11,900847,900847,900848,1,-0.817912,5.00439e-07,0.28125,0.249857,0.0313929,1,0.544952,0.544952,0,0,0,exec_ioc_touch,exec_ioc_touch,1000,0.05
1767396600000,5240,11,899488,899488,899489,1,0.340416,5.63811,0.282738,0.251429,0.0313095,1,-131.276,-131.276,0,0,0,exec_ioc_touch,exec_ioc_touch,1000,0.05
1767397500000,5229,11,899613,899613,899614,1,0.364693,0.219356,0.284226,0.253,0.0312262,1,5.62406,5.62406,0,0,0,exec_ioc_touch,exec_ioc_touch,1000,0.05
1767398400000,5218,11,899917,899917,899918,1,0.434783,0.000246993,0.285714,0.254571,0.0311429,1,10.6723,10.6723,0,0,0,exec_ioc_touch,exec_ioc_touch,1000,0.05
1767399300000,5207,11,900431,900431,900432,1,0.860049,0.285393,0.287202,0.256143,0.0310595,1,7.56205,7.56205,0,0,0,exec_ioc_touch,exec_ioc_touch,1000,0.05
1767400200000,5196,11,900834,900834,900835,1,-0.768754,1.67086,0.28869,0.257714,0.0309762,1,-33.37,-33.37,0,0,0,exec_ioc_touch,exec_ioc_touch,1000,0.05
1767401100000,5185,11,900739,900739,900740,1,-0.405696,3.56488e-06,0.290179,0.259286,0.0308929,1,3.87392,3.87392,0,0,0,exec_ioc_touch,exec_ioc_touch,1000,0.05
1767402000000,5174,11,901596,901596,901597,1,-0.850507,0.159481,0.291667,0.260857,0.0308095,1,-2.83806,-2.83806,0,0,0,exec_ioc_touch,exec_ioc_touch,1000,0.05
1767402900000,5163,11,902299,902299,902300,1,0.481953,0.0292197,0.293155,0.262429,0.0307262,1,9.69255,9.69255,0,0,0,exec_ioc_touch,exec_ioc_touch,1000,0.05
1767403800000,5152,11,900758,900758,900759,1,-0.724077,4.88724e-09,0.294643,0.264,0.0306429,1,1.46312,1.46312,0,0,0,exec_ioc_touch,exec_ioc_touch,1000,0.05
1767404700000,5141,11,901676,901676,901677,1,0.282145,4.60996e-07,0.296131,0.265571,0.0305595,1,8.72677,8.72677,0,0,0,exec_ioc_touch,exec_ioc_touch,1000,0.05
1767405600000,5130,11,902817,902817,902818,1,-0.330827,0.00248655,0.297619,0.267143,0.0304762,1,4.14455,4.14455,0,0,0,exec_ioc_touch,exec_ioc_touch,1000,0.05
1767406500000,5119,11,901599,901599,901600,1,0.175532,1.52498e-10,0.299107,0.268714,0.0303929,1,7.80497,7.80497,0,0,0,exec_ioc_touch,exec_ioc_touch,1000,0.05
1767407400000,5108,11,902579,902579,902580,1,-0.756447,0.140351,0.300595,0.270286,0.0303095,1,-2.01074,-2.01074,0,0,0,exec_ioc_touch,exec_ioc_touch,1000,0.05
1767408300000,5097,11,902971,902971,902972,1,0.627027,0.122046,0.302083,0.271857,0.0302262,1,8.35459,8.35459,0,0,0,exec_ioc_touch,exec_ioc_touch,1000,0.05
1767409200000,5086,11,903289,903289,903290,1,-0.233244,0.24323,0.303571,0.273429,0.0301429,1,-0.119775,-0.119775,0,0,0,exec_ioc_touch,exec_ioc_touch,1000,0.05
1767410100000,5075,11,902234,902234,902235,1,0.243175,3.86564,0.30506,0.275,0.0300595,1,-74.4077,-74.4077,0,0,0,exec_ioc_touch,exec_ioc_touch,1000,0.05
1767411000000,5064,11,902215,902215,902216,1,0.272727,0.0747969,0.306548,0.276571,0.0299762,1,8.23412,8.23412,0,0,0,exec_ioc_touch,exec_ioc_touch,1000,0.05
1767411900000,5053,11,902752,902752,902753,1,0.543509,0.152235,0.308036,0.278143,0.0298929,1,8.616,8.616,0,0,0,exec_ioc_touch,exec_ioc_touch,1000,0.05
1767412800000,5042,11,903275,903275,903276,1,0.264692,8.23414e-05,0.309524,0.279714,0.0298095,1,9.45511,9.45511,0,0,0,exec_ioc_touch,exec_ioc_touch,1000,0.05
1767413700000,5031,11,902527,902527,902528,1,-0.656842,0.881958,0.311012,0.281286,0.0297262,1,-15.2049,-15.2049,0,0,0,exec_ioc_touch,exec_ioc_touch,1000,0.05
1767414600000,5020,11,902535,902535,902536,1,-0.948241,1.70392,0.3125,0.282857,0.0296429,1,-31.9477,-31.9477,0,0,0,exec_ioc_touch,exec_ioc_touch,1000,0.05
1767415500000,5009,11,900860,900860,900861,1,0,1.0026,0.313988,0.284429,0.0295595,1,-10.7652,-10.7652,0,0,0,exec_ioc_touch,exec_ioc_touch,1000,0.05
1767416400000,4998,11,901645,901621,901670,49,0.60746,1.20015,0.315476,0.286,0.0294762,1,187.995,187.995,0,0,1,exec_skip,exec_skip,1000,0.05
1767417300000,4998,11,900495,900495,900496,1,-0.401887,1.74276,0.316964,0.286,0.0309643,1,-61.5847,-61.5847,0,0,0,exec_ioc_touch,exec_ioc_touch,1000,0.05
1767418200000,4987,11,900188,900188,900189,1,0.537928,0.177376,0.318452,0.287571,0.030881,1,-27.5642,-27.5642,0,0,0,exec_ioc_touch,exec_ioc_touch,1000,0.05
1767419100000,4976,11,899544,899544,899545,1,0.0994431,1.16776,0.31994,0.289143,0.0307976,1,-47.3765,-47.3765,0,0,0,exec_ioc_touch,exec_ioc_touch,1000,0.05
1767420000000,4965,11,900344,900344,900345,1,-0.359441,0.0846641,0.321429,0.290714,0.0307143,1,-26.7316,-26.7316,0,0,0,exec_ioc_touch,exec_ioc_touch,1000,0.05
1767420900000,4954,11,900867,900867,900868,1,-0.329186,0.0716957,0.322917,0.292286,0.030631,1,-26.1174,-26.1174,0,0,0,exec_ioc_touch,exec_ioc_touch,1000,0.05
1767421800000,4943,11,899871,899871,899872,1,-0.140279,0.000931154,0.324405,0.293857,0.0305476,1,-24.0613,-24.0613,0,0,0,exec_ioc_touch,exec_ioc_touch,1000,0.05
1767422700000,4932,11,898860,898860,898861,1,-0.611235,2.54997,0.325893,0.295429,0.0304643,1,-73.6911,-73.6911,0,0,0,exec_ioc_touch,exec_ioc_touch,1000,0.05
1767423600000,4921,11,898650,898650,898651,1,-0.95472,2.52965,0.327381,0.297,0.030381,1,-70.7171,-70.7171,0,0,1,exec_skip,exec_skip,1000,0.05
1767424500000,4921,11,897689,897689,897690,1,-0.723854,0.104287,0.328869,0.297,0.031869,1,-25.4055,-25.4055,0,0,0,exec_ioc_touch,exec_ioc_touch,1000,0.05
1767425400000,4910,11,894060,894060,894061,1,-0.0662921,0.888487,0.330357,0.298571,0.0317857,1,-37.8287,-37.8287,0,0,0,exec_ioc_touch,exec_ioc_touch,1000,0.05
1767426300000,4899,11,895539,895539,895540,1,-0.458457,0.19044,0.331845,0.300143,0.0317024,1,-25.8298,-25.8298,0,0,0,exec_ioc_touch,exec_ioc_touch,1000,0.05
1767427200000,4888,11,895596,895596,895597,1,0.0910952,3.65084,0.333333,0.301714,0.031619,1,-85.2723,-85.2723,0,0,0,exec_ioc_touch,exec_ioc_touch,1000,0.05
1767428100000,4877,11,895185,895185,895186,1,-0.0385185,0.000205303,0.334821,0.303286,0.0315357,1,-20.5263,-20.5263,0,0,0,exec_ioc_touch,exec_ioc_touch,1000,0.05
1767429000000,4866,11,897287,897287,897288,1,-0.0875644,2.28494,0.33631,0.304857,0.0314524,1,-56.8858,-56.8858,0,0,0,exec_ioc_touch,exec_ioc_touch,1000,0.05
1767429900000,4855,11,897875,897875,897876,1,-0.213497,1.31013,0.337798,0.306429,0.031369,1,-35.8653,-35.8653,0,0,0,exec_ioc_touch,exec_ioc_touch,1000,0.05
1767430800000,4844,11,896625,896625,896626,1,-0.687356,1.99318,0.339286,0.308,0.0312857,1,-45.1562,-45.1562,0,0,0,exec_ioc_touch,exec_ioc_touch,1000,0.05
1767431700000,4833,11,896793,896793,896794,1,-0.211706,1.00161e-09,0.340774,0.309571,0.0312024,1,-17.3162,-17.3162,0,0,0,exec_ioc_touch,exec_ioc_touch,1000,0.05
1767432600000,4822,11,897970,897970,897971,1,-0.962939,2.42616,0.342262,0.311143,0.031119,1,-49.556,-49.556,0,0,1,exec_skip,exec_skip,1000,0.05
1767433500000,4822,11,899276,899276,899277,1,0.484985,5.28781,0.34375,0.311143,0.0326071,1,-79.887,-79.887,0,0,0,exec_ioc_touch,exec_ioc_touch,1000,0.05
1767434400000,4811,11,897883,897883,897884,1,0.284027,0.045376,0.345238,0.312714,0.0325238,1,-14.5256,-14.5256,0,0,0,exec_ioc_touch,exec_ioc_touch,1000,0.05
1767435300000,4800,11,897257,897257,897258,1,-0.476592,0.00651084,0.346726,0.314286,0.0324405,1,-15.0945,-15.0945,0,0,0,exec_ioc_touch,exec_ioc_touch,1000,0.05
1767436200000,4789,11,897833,897833,897834,1,0.149933,13.9817,0.348214,0.315857,0.0323571,1,-137.012,-137.012,0,0,1,exec_skip,exec_skip,1000,0.05
1767437100000,4789,11,898131,898131,898132,1,-0.669097,0.172552,0.349702,0.315857,0.0338452,1,-13.3842,-13.3842,0,0,0,exec_ioc_touch,exec_ioc_touch,1000,0.05
1767438000000,4778,11,897462,897462,897463,1,-0.0251022,0.0389336,0.35119,0.317429,0.0337619,1,-11.7855,-11.7855,0,0,0,exec_ioc_touch,exec_ioc_touch,1000,0.05
1767438900000,4767,11,896873,896873,896874,1,-0.428037,4.00591e-07,0.352679,0.319,0.0336786,1,-10.2477,-10.2477,0,0,0,exec_ioc_touch,exec_ioc_touch,1000,0.05
1767439800000,4756,11,897111,897111,897112,1,-0.122273,0.19183,0.354167,0.320571,0.0335952,1,-8.81566,-8.81566,0,0,0,exec_ioc_touch,exec_ioc_touch,1000,0.05
1767440700000,4745,11,897619,897619,897620,1,0.610054,1.59474,0.355655,0.322143,0.0335119,1,-3.47947,-3.47947,0,0,0,exec_ioc_touch,exec_ioc_touch,1000,0.05
1767441600000,4734,11,897465,897465,897466,1,-0.961607,0.00903407,0.357143,0.323714,0.0334286,1,-11.5545,-11.5545,0,0,1,exec_skip,exec_skip,1000,0.05
1767442500000,4734,11,896697,896697,896698,1,0.191507,0.425785,0.358631,0.323714,0.0349167,1,-7.11874,-7.11874,0,0,0,exec_ioc_touch,exec_ioc_touch,1000,0.05
1767443400000,4723,11,897889,897889,897890,1,0.0456664,0.0121861,0.360119,0.325286,0.0348333,1,-8.38085,-8.38085,0,0,0,exec_ioc_touch,exec_ioc_touch,1000,0.05
1767444300000,4712,11,897941,897941,897942,1,0.433697,0.0557445,0.361607,0.326857,0.03475,1,-7.05297,-7.05297,0,0,0,exec_ioc_touch,exec_ioc_touch,1000,0.05
1767445200000,4701,11,900359,900359,900360,1,-0.534612,2.84929,0.363095,0.328429,0.0346667,1,-3.2823,-3.2823,0,0,0,exec_ioc_touch,exec_ioc_touch,1000,0.05
1767446100000,4690,11,899260,899260,899261,1,0.204589,3.33372e-17,0.364583,0.33,0.0345833,1,-8.95668,-8.95668,0,0,0,exec_ioc_touch,exec_ioc_touch,1000,0.05
1767447000000,4679,11,899750,899750,899751,1,0.000575705,0.127207,0.366071,0.331571,0.0345,1,-7.34416,-7.34416,0,0,0,exec_ioc_touch,exec_ioc_touch,1000,0.05
1767447900000,4668,11,899565,899565,899566,1,0.739343,1.08526,0.36756,0.333143,0.0344167,1,-4.25577,-4.25577,0,0,0,exec_ioc_touch,exec_ioc_touch,1000,0.05
1767448800000,4657,11,900056,900056,900057,1,0.722091,0.268298,0.369048,0.334714,0.0343333,1,-4.3737,-4.3737,0,0,0,exec_ioc_touch,exec_ioc_touch,1000,0.05
1767449700000,4646,11,900451,900451,900452,1,0.775828,0.0459978,0.370536,0.336286,0.03425,1,-4.13141,-4.13141,0,0,0,exec_ioc_touch,exec_ioc_touch,1000,0.05
1767450600000,4635,11,901847,901847,901848,1,-0.645399,0.759181,0.372024,0.337857,0.0341667,1,-9.53002,-9.53002,0,0,0,exec_ioc_touch,exec_ioc_touch,1000,0.05
1767451500000,4624,11,901543,901543,901544,1,0.417247,0.00196129,0.373512,0.339429,0.0340833,1,-5.93293,-5.93293,0,0,0,exec_ioc_touch,exec_ioc_touch,1000,0.05
1767452400000,4613,11,901290,901290,901291,1,0.0730793,0.0142006,0.375,0.341,0.034,1,-7.2642,-7.2642,0,0,0,exec_ioc_touch,exec_ioc_touch,1000,0.05
1767453300000,4602,11,900070,900070,900071,1,0.219844,0.0329719,0.376488,0.342571,0.0339167,1,-6.57745,-6.57745,0,0,0,exec_ioc_touch,exec_ioc_touch,1000,0.05
1767454200000,4591,11,900674,900674,900675,1,-0.787879,3.12092,0.377976,0.344143,0.0338333,1,-11.2061,-11.2061,0,0,0,exec_ioc_touch,exec_ioc_touch,1000,0.05
1767455100000,4580,11,899978,899978,899979,1,0.602933,1.84093e-06,0.379464,0.345714,0.03375,1,-5.56815,-5.56815,0,0,0,exec_ioc_touch,exec_ioc_touch,1000,0.05
1767456000000,4569,11,899736,899736,899737,1,0.524221,1.17617,0.380952,0.347286,0.0336667,1,-5.61663,-5.61663,0,0,0,exec_ioc_touch,exec_ioc_touch,1000,0.05
1767456900000,4558,11,900169,900169,900170,1,-0.198276,1.14522e-09,0.38244,0.348857,0.0335833,1,-8.60498,-8.60498,0,0,0,exec_ioc_touch,exec_ioc_touch,1000,0.05
1767457800000,4547,11,900592,900592,900593,1,0.732632,0.343416,0.383929,0.350429,0.0335,1,-4.725,-4.725,0,0,0,exec_ioc_touch,exec_ioc_touch,1000,0.05
1767458700000,4536,11,901207,901207,901208,1,0.452381,0.00258733,0.385417,0.352,0.0334167,1,-5.83886,-5.83886,0,0,0,exec_ioc_touch,exec_ioc_touch,1000,0.05
1767459600000,4525,11,901046,901046,901047,1,-0.0515135,0.928183,0.386905,0.353571,0.0333333,1,-7.47969,-7.47969,0,0,0,exec_ioc_touch,exec_ioc_touch,1000,0.05
1767460500000,4514,11,900657,900657,900658,1,-0.303358,4.15656e-09,0.388393,0.355143,0.03325,1,-8.61091,-8.61091,0,0,0,exec_ioc_touch,exec_ioc_touch,1000,0.05
1767461400000,4503,11,900646,900646,900647,1,-0.0146199,3.28303e-15,0.389881,0.356714,0.0331667,1,-7.33203,-7.33203,0,0,0,exec_ioc_touch,exec_ioc_touch,1000,0.05
1767462300000,4492,11,901124,901124,901125,1,-0.391827,5.49049e-05,0.391369,0.358286,0.0330833,1,-7.90462,-7.90462,0,0,0,exec_ioc_touch,exec_ioc_touch,1000,0.05
1767463200000,4481,11,900961,900961,900962,1,0.0621194,3.86164e-13,0.392857,0.359857,0.033,1,-5.91188,-5.91188,0,0,0,exec_ioc_touch,exec_ioc_touch,1000,0.05
1767464100000,4470,11,900570,900554,900587,33,-0.668517,1.21401,0.394345,0.361429,0.0329167,1,-579.122,-579.122,0,0,1,exec_skip,exec_skip,1000,0.05
1767465000000,4470,11,901754,901754,901755,1,-0.159208,1.81548e-08,0.395833,0.361429,0.0344048,1,58.2414,58.2414,0,0,0,exec_ioc_touch,exec_ioc_touch,1000,0.05
1767465900000,4459,11,901451,901451,901452,1,0.241611,0.0115772,0.397321,0.363,0.0343214,1,54.1024,54.1024,0,0,0,exec_ioc_touch,exec_ioc_touch,1000,0.05
1767466800000,4448,11,901424,901424,901425,1,-0.161508,6.45244e-07,0.39881,0.364571,0.0342381,1,57.0193,57.0193,0,0,0,exec_ioc_touch,exec_ioc_touch,1000,0.05
1767467700000,4437,11,900713,900713,900714,1,0.32087,8.98017e-06,0.400298,0.366143,0.0341548,1,52.0633,52.0633,0,0,0,exec_ioc_touch,exec_ioc_touch,1000,0.05
1767468600000,4426,11,901533,901533,901534,1,-0.686088,0.0640004,0.401786,0.367714,0.0340714,1,60.7924,60.7924,0,0,0,exec_ioc_touch,exec_ioc_touch,1000,0.05
1767469500000,4415,11,901304,901304,901305,1,-0.318981,7.01963e-27,0.403274,0.369286,0.0339881,1,56.1859,56.1859,0,0,0,exec_ioc_touch,exec_ioc_touch,1000,0.05
1767470400000,4404,11,901244,901244,901245,1,0.272179,0.231181,0.404762,0.370857,0.0339048,1,51.0117,51.0117,0,0,0,exec_ioc_touch,exec_ioc_touch,1000,0.05
1767471300000,4393,11,900738,900738,900739,1,-0.353317,6.20643e-19,0.40625,0.372429,0.0338214,1,55.3272,55.3272,0,0,0,exec_ioc_touch,exec_ioc_touch,1000,0.05
1767472200000,4382,11,901249,901249,901250,1,-0.086656,2.24381e-09,0.407738,0.374,0.0337381,1,52.3337,52.3337,0,0,0,exec_ioc_touch,exec_ioc_touch,1000,0.05
1767473100000,4371,11,902712,902712,902713,1,0.577257,0.0333274,0.409226,0.375571,0.0336548,1,46.1591,46.1591,0,0,0,exec_ioc_touch,exec_ioc_touch,1000,0.05
1767474000000,4360,11,903669,903669,903670,1,-0.189778,0.0233526,0.410714,0.377143,0.0335714,1,52.4737,52.4737,0,0,0,exec_ioc_touch,exec_ioc_touch,1000,0.05
1767474900000,4349,11,903732,903732,903733,1,0.697031,0.000106136,0.412202,0.378714,0.0334881,1,43.7068,43.7068,0,0,0,exec_ioc_touch,exec_ioc_touch,1000,0.05
1767475800000,4338,11,904749,904749,904750,1,0.151776,0.0193882,0.41369,0.380286,0.0334048,1,48.1888,48.1888,0,0,0,exec_ioc_touch,exec_ioc_touch,1000,0.05
1767476700000,4327,11,906092,906092,906093,1,-0.119597,4.14109e-06,0.415179,0.381857,0.0333214,1,49.523,49.523,0,0,0,exec_ioc_touch,exec_ioc_touch,1000,0.05
1767477600000,4316,11,905688,905688,905689,1,0.646769,2.70353,0.416667,0.383429,0.0332381,1,49.0688,49.0688,0,0,0,exec_ioc_touch,exec_ioc_touch,1000,0.05
1767478500000,4305,11,905258,905258,905259,1,0.70777,0.000303027,0.418155,0.385,0.0331548,1,40.2083,40.2083,0,0,0,exec_ioc_touch,exec_ioc_touch,1000,0.05
1767479400000,4294,11,906246,906246,906247,1,0.35502,6.46138,0.419643,0.386571,0.0330714,1,56.7677,56.7677,0,0,0,exec_ioc_touch,exec_ioc_touch,1000,0.05
1767480300000,4283,11,906168,906168,906169,1,-0.117196,4.86063e-07,0.421131,0.388143,0.0329881,1,47.2894,47.2894,0,0,0,exec_ioc_touch,exec_ioc_touch,1000,0.05
1767481200000,4272,11,905908,905908,905909,1,0.500395,0.601635,0.422619,0.389714,0.0329048,1,40.5285,40.5285,0,0,0,exec_ioc_touch,exec_ioc_touch,1000,0.05
1767482100000,4261,11,905451,905451,905452,1,-0.211689,2.53399e-05,0.424107,0.391286,0.0328214,1,48.2994,48.2994,0,0,0,exec_ioc_touch,exec_ioc_touch,1000,0.05
1767483000000,4250,11,906400,906400,906401,1,0.140187,3.91618,0.425595,0.392857,0.0327381,1,45.8712,45.8712,0,0,0,exec_ioc_touch,exec_ioc_touch,1000,0.05
1767483900000,4239,11,906578,906578,906579,1,-0.109785,0.000645076,0.427083,0.394429,0.0326548,1,46.2203,46.2203,0,0,0,exec_ioc_touch,exec_ioc_touch,1000,0.05
1767484800000,4228,11,906404,906404,906405,1,-0.220308,0.000248248,0.428571,0.396,0.0325714,1,46.8445,46.8445,0,0,0,exec_ioc_touch,exec_ioc_touch,1000,0.05
1767485700000,4217,11,914000,914000,914001,1,0.156533,2.82193,0.43006,0.397571,0.0324881,1,41.1321,41.1321,0,0,0,exec_ioc_touch,exec_ioc_touch,1000,0.05
1767486600000,4206,11,910974,910974,910975,1,-0.32689,2.38024,0.431548,0.399143,0.0324048,1,55.333,55.333,0,0,0,exec_ioc_touch,exec_ioc_touch,1000,0.05
1767487500000,4195,11,911587,911587,911588,1,-0.262619,6.2937,0.433036,0.400714,0.0323214,1,59.3596,59.3596,0,0,0,exec_ioc_touch,exec_ioc_touch,1000,0.05
1767488400000,4184,11,913342,913342,913343,1,-0.389281,2.20678,0.434524,0.402286,0.0322381,1,48.6777,48.6777,0,0,0,exec_ioc_touch,exec_ioc_touch,1000,0.05
1767489300000,4173,11,912923,912923,912924,1,0.565107,0.644866,0.436012,0.403857,0.0321548,1,40.7285,40.7285,0,0,0,exec_ioc_touch,exec_ioc_touch,1000,0.05
1767490200000,4162,11,911290,911290,911291,1,-0.480786,0.0320609,0.4375,0.405429,0.0320714,1,51.9004,51.9004,0,0,0,exec_ioc_touch,exec_ioc_touch,1000,0.05
1767491100000,4151,11,910949,910949,910950,1,0.322245,0.0451165,0.438988,0.407,0.0319881,1,44.0078,44.0078,0,0,0,exec_ioc_touch,exec_ioc_touch,1000,0.05
1767492000000,4140,11,912293,912293,912294,1,-0.422082,1.49241,0.440476,0.408571,0.0319048,1,51.8158,51.8158,0,0,0,exec_ioc_touch,exec_ioc_touch,1000,0.05
1767492900000,4129,11,911268,911268,911269,1,-0.447145,0.0228383,0.441964,0.410143,0.0318214,1,49.9421,49.9421,0,0,0,exec_ioc_touch,exec_ioc_touch,1000,0.05
1767493800000,4118,11,912120,912120,912121,1,0.547619,0.119687,0.443452,0.411714,0.0317381,1,40.3859,40.3859,0,0,0,exec_ioc_touch,exec_ioc_touch,1000,0.05
1767494700000,4107,11,911679,911679,911680,1,-0.685418,0.00150378,0.44494,0.413286,0.0316548,1,51.1745,51.1745,0,0,0,exec_ioc_touch,exec_ioc_touch,1000,0.05
1767495600000,4096,11,911331,911331,911332,1,0.465378,7.31779e-05,0.446429,0.414857,0.0315714,1,40.0285,40.0285,0,0,0,exec_ioc_touch,exec_ioc_touch,1000,0.05
1767496500000,4085,11,913342,913342,913343,1,-0.051241,0.0527693,0.447917,0.416429,0.0314881,1,44.3122,44.3122,0,0,0,exec_ioc_touch,exec_ioc_touch,1000,0.05
1767497400000,4074,11,911621,911621,911622,1,0.889566,2.04195,0.449405,0.418,0.0314048,1,34.8922,34.8922,0,0,0,exec_ioc_touch,exec_ioc_touch,1000,0.05
1767498300000,4063,11,912449,912449,912450,1,0.233527,0.490315,0.450893,0.419571,0.0313214,1,43.385,43.385,0,0,0,exec_ioc_touch,exec_ioc_touch,1000,0.05
1767499200000,4052,11,912271,912271,912272,1,-0.11691,0.000650361,0.452381,0.421143,0.0312381,1,45.6156,45.6156,0,0,0,exec_ioc_touch,exec_ioc_touch,1000,0.05
1767500100000,4041,11,913130,913130,913131,1,-0.107524,0.813155,0.453869,0.422714,0.0311548,1,46.9713,46.9713,0,0,0,exec_ioc_touch,exec_ioc_touch,1000,0.05
1767501000000,4030,11,913711,913711,913712,1,-0.31557,2.78635,0.455357,0.424286,0.0310714,1,52.3359,52.3359,0,0,0,exec_ioc_touch,exec_ioc_touch,1000,0.05
1767501900000,4019,11,915034,915034,915035,1,0.672769,0.511046,0.456845,0.425857,0.0309881,1,37.1565,37.1565,0,0,0,exec_ioc_touch,exec_ioc_touch,1000,0.05
1767502800000,4008,11,914012,914012,914013,1,0.242464,0.135283,0.458333,0.427429,0.0309048,1,39.9426,39.9426,0,0,0,exec_ioc_touch,exec_ioc_touch,1000,0.05
1767503700000,3997,11,913882,913882,913883,1,-0.640713,0.0306648,0.459821,0.429,0.0308214,1,46.8795,46.8795,0,0,0,exec_ioc_touch,exec_ioc_touch,1000,0.05
1767504600000,3986,11,914567,914567,914568,1,-0.809111,0.277225,0.46131,0.430571,0.0307381,1,47.8156,47.8156,0,0,0,exec_ioc_touch,exec_ioc_touch,1000,0.05
1767505500000,3975,11,913923,913923,913924,1,-0.836611,1.60822,0.462798,0.432143,0.0306548,1,47.1623,47.1623,0,0,0,exec_ioc_touch,exec_ioc_touch,1000,0.05
1767506400000,3964,11,914818,914818,914819,1,-0.0564752,0.116387,0.464286,0.433714,0.0305714,1,39.2596,39.2596,0,0,0,exec_ioc_touch,exec_ioc_touch,1000,0.05
1767507300000,3953,11,916675,916675,916676,1,-0.941508,0.420851,0.465774,0.435286,0.0304881,1,45.3528,45.3528,0,0,0,exec_ioc_touch,exec_ioc_touch,1000,0.05
1767508200000,3942,11,915416,915416,915417,1,-0.741555,1.31614,0.467262,0.436857,0.0304048,1,42.567,42.567,0,0,0,exec_ioc_touch,exec_ioc_touch,1000,0.05
1767509100000,3931,11,912934,912934,912935,1,-0.639303,4.48421,0.46875,0.438429,0.0303214,1,37.8451,37.8451,0,0,0,exec_ioc_touch,exec_ioc_touch,1000,0.05
1767510000000,3920,11,912394,912394,912395,1,0.449679,6.95084,0.470238,0.44,0.0302381,1,21.3354,21.3354,0,0,0,exec_ioc_touch,exec_ioc_touch,1000,0.05
1767510900000,3909,11,913273,913273,913274,1,-0.370224,0.00298152,0.471726,0.441571,0.0301548,1,40.6936,40.6936,0,0,0,exec_ioc_touch,exec_ioc_touch,1000,0.05
1767511800000,3898,11,913110,913110,913111,1,-0.0284168,0.00489193,0.473214,0.443143,0.0300714,1,37.9382,37.9382,0,0,0,exec_ioc_touch,exec_ioc_touch,1000,0.05
1767512700000,3887,11,914902,914902,914903,1,-0.252151,1.22557,0.474702,0.444714,0.0299881,1,40.4447,40.4447,0,0,0,exec_ioc_touch,exec_ioc_touch,1000,0.05
1767513600000,3876,11,915239,915239,915240,1,-0.573958,0.032872,0.47619,0.446286,0.0299048,1,40.4908,40.4908,0,0,0,exec_ioc_touch,exec_ioc_touch,1000,0.05
1767514500000,3865,11,913124,913124,913125,1,-0.166562,1.25646,0.477679,0.447857,0.0298214,1,38.2079,38.2079,0,0,0,exec_ioc_touch,exec_ioc_touch,1000,0.05
1767515400000,3854,11,912296,912296,912297,1,-0.00127714,0.194105,0.479167,0.449429,0.0297381,1,35.1603,35.1603,0,0,0,exec_ioc_touch,exec_ioc_touch,1000,0.05
1767516300000,3843,11,913999,913999,914000,1,0.196112,0.253514,0.480655,0.451,0.0296548,1,33.4381,33.4381,0,0,0,exec_ioc_touch,exec_ioc_touch,1000,0.05
1767517200000,3832,11,913679,913679,913680,1,-0.37961,0.0474744,0.482143,0.452571,0.0295714,1,36.9295,36.9295,0,0,0,exec_ioc_touch,exec_ioc_touch,1000,0.05
1767518100000,3821,11,913375,913375,913376,1,0.513836,0.896907,0.483631,0.454143,0.0294881,1,29.925,29.925,0,0,0,exec_ioc_touch,exec_ioc_touch,1000,0.05
1767519000000,3810,11,913161,913161,913162,1,-0.306088,0.125229,0.485119,0.455714,0.0294048,1,35.0447,35.0447,0,0,0,exec_ioc_touch,exec_ioc_touch,1000,0.05
1767519900000,3799,11,914339,914339,914340,1,0.223684,0.00506147,0.486607,0.457286,0.0293214,1,32.538,32.538,0,0,0,exec_ioc_touch,exec_ioc_touch,1000,0.05
1767520800000,3788,11,914594,914594,914595,1,-0.669085,7.99968e-05,0.488095,0.458857,0.0292381,1,38.7138,38.7138,0,0,0,exec_ioc_touch,exec_ioc_touch,1000,0.05
1767521700000,3777,11,915401,915401,915402,1,0.0690282,0.00113284,0.489583,0.460429,0.0291548,1,33.2271,33.2271,0,0,0,exec_ioc_touch,exec_ioc_touch,1000,0.05
1767522600000,3766,11,914833,914833,914834,1,0.248889,2.32495,0.491071,0.462,0.0290714,1,32.933,32.933,0,0,0,exec_ioc_touch,exec_ioc_touch,1000,0.05
1767523500000,3755,11,915926,915926,915927,1,0.902959,11.8275,0.49256,0.463571,0.0289881,1,13.7487,13.7487,0,0,1,exec_skip,exec_skip,1000,0.05
1767524400000,3755,12,915952,915952,915953,1,-0.512583,4.7916e-07,0.494048,0.463571,0.0304762,1,37.5719,37.5719,0,0,0,exec_ioc_touch,exec_ioc_touch,1000,0.05
1767525300000,3743,12,913544,913544,913545,1,0.421533,3.23775,0.495536,0.465286,0.03025,1,38.7708,38.7708,0,0,0,exec_ioc_touch,exec_ioc_touch,1000,0.05
1767526200000,3731,12,913767,913767,913768,1,-0.208847,0.000803755,0.497024,0.467,0.0300238,1,35.4593,35.4593,0,0,0,exec_ioc_touch,exec_ioc_touch,1000,0.05
1767527100000,3719,12,913727,913727,913728,1,-0.160896,3.51262e-05,0.498512,0.468714,0.0297976,1,34.7632,34.7632,0,0,0,exec_ioc_touch,exec_ioc_touch,1000,0.05
1767528000000,3707,11,913039,913039,913040,1,-0.475261,0.00879169,0.5,0.470429,0.0295714,1,36.3993,36.3993,0,0,0,exec_ioc_touch,exec_ioc_touch,1000,0.05
1767528900000,3696,11,912536,912536,912537,1,0.492958,0.000402119,0.501488,0.472,0.0294881,1,29.8755,29.8755,0,0,0,exec_ioc_touch,exec_ioc_touch,1000,0.05
1767529800000,3685,11,913330,913330,913331,1,0.0744308,1.60779e-11,0.502976,0.473571,0.0294048,1,31.8226,31.8226,0,0,0,exec_ioc_touch,exec_ioc_touch,1000,0.05
1767530700000,3674,11,910960,910960,910961,1,-0.820498,4.91091,0.504464,0.475143,0.0293214,1,49.8787,49.8787,0,0,0,exec_ioc_touch,exec_ioc_touch,1000,0.05
1767531600000,3663,11,911428,911428,911429,1,-0.654078,0.044511,0.505952,0.476714,0.0292381,1,33.259,33.259,0,0,0,exec_ioc_touch,exec_ioc_touch,1000,0.05
1767532500000,3652,11,911876,911876,911877,1,-0.12185,6.61089e-05,0.50744,0.478286,0.0291548,1,29.0887,29.0887,0,0,0,exec_ioc_touch,exec_ioc_touch,1000,0.05
1767533400000,3641,11,911911,911911,911912,1,0.454545,0.00653452,0.508929,0.479857,0.0290714,1,25.32,25.32,0,0,0,exec_ioc_touch,exec_ioc_touch,1000,0.05
1767534300000,3630,11,912207,912207,912208,1,-0.0856439,1.77796e-05,0.510417,0.481429,0.0289881,1,28.261,28.261,0,0,0,exec_ioc_touch,exec_ioc_touch,1000,0.05
1767535200000,3619,11,912631,912631,912632,1,0.312561,0.606789,0.511905,0.483,0.0289048,1,25.015,25.015,0,0,0,exec_ioc_touch,exec_ioc_touch,1000,0.05
1767536100000,3608,11,913888,913888,913889,1,-0.524096,0.00181291,0.513393,0.484571,0.0288214,1,30.3695,30.3695,0,0,0,exec_ioc_touch,exec_ioc_touch,1000,0.05
1767537000000,3597,11,912297,912297,912298,1,0.0832184,0.0137049,0.514881,0.486143,0.0287381,1,27.0107,27.0107,0,0,0,exec_ioc_touch,exec_ioc_touch,1000,0.05
1767537900000,3586,11,912067,912067,912068,1,0.0526316,0.0114757,0.516369,0.487714,0.0286548,1,26.8947,26.8947,0,0,0,exec_ioc_touch,exec_ioc_touch,1000,0.05
1767538800000,3575,11,913382,913382,913383,1,0.393064,0.0594417,0.517857,0.489286,0.0285714,1,24.3845,24.3845,0,0,0,exec_ioc_touch,exec_ioc_touch,1000,0.05
1767539700000,3564,11,913085,913085,913086,1,-0.14,2.24942e-05,0.519345,0.490857,0.0284881,1,27.5469,27.5469,0,0,0,exec_ioc_touch,exec_ioc_touch,1000,0.05
1767540600000,3553,11,912413,912413,912414,1,0.599518,2.17046,0.520833,0.492429,0.0284048,1,20.4821,20.4821,0,0,0,exec_ioc_touch,exec_ioc_touch,1000,0.05
1767541500000,3542,11,912107,912107,912108,1,0.301974,7.39945e-05,0.522321,0.494,0.0283214,1,24.1179,24.1179,0,0,0,exec_ioc_touch,exec_ioc_touch,1000,0.05
1767542400000,3531,11,913271,913271,913272,1,-0.297536,1.03175e-05,0.52381,0.495571,0.0282381,1,27.7852,27.7852,0,0,0,exec_ioc_touch,exec_ioc_touch,1000,0.05
1767543300000,3520,11,912787,912787,912788,1,0.588266,2.77294,0.525298,0.497143,0.0281548,1,18.4611,18.4611,0,0,0,exec_ioc_touch,exec_ioc_touch,1000,0.05
1767544200000,3509,11,913379,913379,913380,1,0.392746,0.000116352,0.526786,0.498714,0.0280714,1,23.6769,23.6769,0,0,0,exec_ioc_touch,exec_ioc_touch,1000,0.05
1767545100000,3498,11,913008,913008,913009,1,-0.26498,0.00371351,0.528274,0.500286,0.0279881,1,27.5889,27.5889,0,0,0,exec_ioc_touch,exec_ioc_touch,1000,0.05
1767546000000,3487,11,913172,913172,913173,1,0.236744,8.00352e-05,0.529762,0.501857,0.0279048,1,24.0681,24.0681,0,0,0,exec_ioc_touch,exec_ioc_touch,1000,0.05
1767546900000,3476,11,913426,913426,913427,1,-0.110928,0.0059013,0.53125,0.503429,0.0278214,1,26.0251,26.0251,0,0,0,exec_ioc_touch,exec_ioc_touch,1000,0.05
1767547800000,3465,11,913635,913635,913636,1,0.741429,0.132038,0.532738,0.505,0.0277381,1,20.1535,20.1535,0,0,0,exec_ioc_touch,exec_ioc_touch,1000,0.05
1767548700000,3454,11,913850,913850,913851,1,0.318217,1.75721e-06,0.534226,0.506571,0.0276548,1,22.6697,22.6697,0,0,0,exec_ioc_touch,exec_ioc_touch,1000,0.05
1767549600000,3443,11,913367,913367,913368,1,-0.0743802,0.000564099,0.535714,0.508143,0.0275714,1,25.0068,25.0068,0,0,0,exec_ioc_touch,exec_ioc_touch,1000,0.05
1767550500000,3432,11,912425,912425,912426,1,0.647833,1.08072,0.537202,0.509714,0.0274881,1,19.4544,19.4544,0,0,0,exec_ioc_touch,exec_ioc_touch,1000,0.05
1767551400000,3421,11,911755,911755,911756,1,-0.16158,0.0066065,0.53869,0.511286,0.0274048,1,25.0928,25.0928,0,0,0,exec_ioc_touch,exec_ioc_touch,1000,0.05
1767552300000,3410,11,912309,912309,912310,1,-0.031947,2.8991e-06,0.540179,0.512857,0.0273214,1,23.9364,23.9364,0,0,0,exec_ioc_touch,exec_ioc_touch,1000,0.05
1767553200000,3399,11,912065,912065,912066,1,0.244314,1.5433e-05,0.541667,0.514429,0.0272381,1,21.7793,21.7793,0,0,0,exec_ioc_touch,exec_ioc_touch,1000,0.05
1767554100000,3388,11,910050,910050,910051,1,-0.0153218,0.00524736,0.543155,0.516,0.0271548,1,23.3017,23.3017,0,0,0,exec_ioc_touch,exec_ioc_touch,1000,0.05
1767555000000,3377,11,911214,911214,911215,1,-0.301587,0.292864,0.544643,0.517571,0.0270714,1,22.5689,22.5689,0,0,0,exec_ioc_touch,exec_ioc_touch,1000,0.05
1767555900000,3366,11,910616,910616,910617,1,0.747178,0.0167898,0.546131,0.519143,0.0269881,1,13.5151,13.5151,0,0,0,exec_ioc_touch,exec_ioc_touch,1000,0.05
1767556800000,3355,11,911362,911362,911363,1,-0.444813,9.21227e-07,0.547619,0.520714,0.0269048,1,21.8256,21.8256,0,0,0,exec_ioc_touch,exec_ioc_touch,1000,0.05
1767557700000,3344,11,912564,912564,912565,1,-0.354289,0.00257321,0.549107,0.522286,0.0268214,1,20.9312,20.9312,0,0,0,exec_ioc_touch,exec_ioc_touch,1000,0.05
1767558600000,3333,11,913320,913320,913321,1,-0.532354,0.0420187,0.550595,0.523857,0.0267381,1,21.9318,21.9318,0,0,0,exec_ioc_touch,exec_ioc_touch,1000,0.05
1767559500000,3322,11,912855,912855,912856,1,-0.209358,1.39088e-06,0.552083,0.525429,0.0266548,1,19.4295,19.4295,0,0,0,exec_ioc_touch,exec_ioc_touch,1000,0.05
1767560400000,3311,11,913132,913132,913133,1,0.492179,3.99059,0.553571,0.527,0.0265714,1,11.2647,11.2647,0,0,0,exec_ioc_touch,exec_ioc_touch,1000,0.05
1767561300000,3300,11,913446,913446,913447,1,-0.497216,0.962364,0.55506,0.528571,0.0264881,1,20.1944,20.1944,0,0,0,exec_ioc_touch,exec_ioc_touch,1000,0.05
1767562200000,3289,11,913032,913032,913033,1,-0.0805108,1.83915e-05,0.556548,0.530143,0.0264048,1,17.9599,17.9599,0,0,0,exec_ioc_touch,exec_ioc_touch,1000,0.05
1767563100000,3278,11,912119,912119,912120,1,0.0529628,0.000556856,0.558036,0.531714,0.0263214,1,16.8159,16.8159,0,0,0,exec_ioc_touch,exec_ioc_touch,1000,0.05
1767564000000,3267,11,912774,912774,912775,1,0.377899,0.0165791,0.559524,0.533286,0.0262381,1,14.2997,14.2997,0,0,0,exec_ioc_touch,exec_ioc_touch,1000,0.05
1767564900000,3256,11,911813,911813,911814,1,0.126322,0.00454253,0.561012,0.534857,0.0261548,1,14.6947,14.6947,0,0,0,exec_ioc_touch,exec_ioc_touch,1000,0.05
1767565800000,3245,11,912763,912763,912764,1,-0.60055,0.352101,0.5625,0.536429,0.0260714,1,19.6319,19.6319,0,0,0,exec_ioc_touch,exec_ioc_touch,1000,0.05
1767566700000,3234,11,911908,911908,911909,1,-0.245241,0.00222633,0.563988,0.538,0.0259881,1,17.1117,17.1117,0,0,0,exec_ioc_touch,exec_ioc_touch,1000,0.05
1767567600000,3223,11,912085,912085,912086,1,0.27884,0.00439867,0.565476,0.539571,0.0259048,1,12.9938,12.9938,0,0,0,exec_ioc_touch,exec_ioc_touch,1000,0.05
1767568500000,3212,11,913382,913382,913383,1,-0.0715649,7.77165,0.566964,0.541143,0.0258214,1,7.67303,7.67303,0,0,0,exec_ioc_touch,exec_ioc_touch,1000,0.05
1767569400000,3201,11,913710,913698,913723,25,0.861629,4.81935,0.568452,0.542714,0.0257381,1,543.936,543.936,0,0,1,exec_skip,exec_skip,1000,0.05
1767570300000,3201,12,913203,913203,913204,1,-0.248268,0.584984,0.56994,0.542714,0.0272262,1,-69.2931,-69.2931,0,0,0,exec_ioc_touch,exec_ioc_touch,1000,0.05
1767571200000,3189,12,915312,915312,915313,1,-0.0718563,2.39871,0.571429,0.544429,0.027,1,-97.8059,-97.8059,0,0,0,exec_ioc_touch,exec_ioc_touch,1000,0.05
1767572100000,3177,12,919002,919002,919003,1,0.759723,9.6498,0.572917,0.546143,0.0267738,1,-205.927,-205.927,0,0,0,exec_ioc_touch,exec_ioc_touch,1000,0.05
1767573000000,3172,12,918485,918485,918486,1,0.248145,3.80419,0.574405,0.546857,0.0275476,1,-31.9141,-31.9141,0,0,0,exec_ioc_touch,exec_ioc_touch,1000,0.05
1767573900000,3160,12,920413,920413,920414,1,0.69011,4.94783,0.575893,0.548571,0.0273214,1,-28.0175,-28.0175,0,0,0,exec_ioc_touch,exec_ioc_touch,1000,0.05
1767574800000,3148,12,924054,924054,924055,1,0.833103,13.3293,0.577381,0.550286,0.0270952,1,57.0662,57.0662,0,0,1,exec_skip,exec_skip,1000,0.05
1767575700000,3148,12,929511,929511,929512,1,0.589485,5.13216,0.578869,0.550286,0.0285833,1,7.41423,7.41423,0,0,0,exec_ioc_touch,exec_ioc_touch,1000,0.05
1767576600000,3136,12,929782,929782,929783,1,-0.208944,2.86586,0.580357,0.552,0.0283571,1,4.08076,4.08076,0,0,0,exec_ioc_touch,exec_ioc_touch,1000,0.05
1767577500000,3124,12,932089,932089,932090,1,0.822414,6.77239,0.581845,0.553714,0.028131,1,65.2274,65.2274,0,0,0,exec_ioc_touch,exec_ioc_touch,1000,0.05
1767578400000,3112,12,929641,929641,929642,1,0.760902,3.48718,0.583333,0.555429,0.0279048,1,-21.2682,-21.2682,0,0,0,exec_ioc_touch,exec_ioc_touch,1000,0.05
1767579300000,3100,12,928708,928708,928709,1,0.428571,4.67165,0.584821,0.557143,0.0276786,1,21.3889,21.3889,0,0,0,exec_ioc_touch,exec_ioc_touch,1000,0.05
1767580200000,3088,12,927456,927456,927457,1,0.522807,0.288592,0.58631,0.558857,0.0274524,1,-60.8329,-60.8329,0,0,0,exec_ioc_touch,exec_ioc_touch,1000,0.05
1767581100000,3076,12,929203,929203,929204,1,0.764581,0.523739,0.587798,0.560571,0.0272262,1,-59.5323,-59.5323,0,0,0,exec_ioc_touch,exec_ioc_touch,1000,0.05
1767582000000,3064,12,930387,930387,930388,1,0.895361,1.43027,0.589286,0.562286,0.027,1,-42.0295,-42.0295,0,0,0,exec_ioc_touch,exec_ioc_touch,1000,0.05
1767582900000,3052,12,930188,930188,930189,1,0.77312,1.26415,0.590774,0.564,0.0267738,1,-40.9141,-40.9141,0,0,0,exec_ioc_touch,exec_ioc_touch,1000,0.05
1767583800000,3040,12,929971,929971,929972,1,0.372598,0.0619607,0.592262,0.565714,0.0265476,1,-55.2781,-55.2781,0,0,0,exec_ioc_touch,exec_ioc_touch,1000,0.05
1767584700000,3028,12,929360,929360,929361,1,0.218792,0.305792,0.59375,0.567429,0.0263214,1,-47.1797,-47.1797,0,0,0,exec_ioc_touch,exec_ioc_touch,1000,0.05
1767585600000,3016,12,928799,928799,928800,1,-0.728742,0.0231486,0.595238,0.569143,0.0260952,1,-35.9301,-35.9301,0,0,0,exec_ioc_touch,exec_ioc_touch,1000,0.05
1767586500000,3004,12,927747,927747,927748,1,-0.743562,0.172673,0.596726,0.570857,0.025869,1,-32.3035,-32.3035,0,0,0,exec_ioc_touch,exec_ioc_touch,1000,0.05
1767587400000,2992,12,924773,924773,924774,1,-0.410756,4.19412,0.598214,0.572571,0.0256429,1,39.6017,39.6017,0,0,0,exec_ioc_touch,exec_ioc_touch,1000,0.05
1767588300000,2980,12,924185,924185,924186,1,0.141732,5.3657,0.599702,0.574286,0.0254167,1,43.1881,43.1881,0,0,0,exec_ioc_touch,exec_ioc_touch,1000,0.05
1767589200000,2968,12,926076,926076,926077,1,0.726788,2.91552,0.60119,0.576,0.0251905,1,-5.80684,-5.80684,0,0,0,exec_ioc_touch,exec_ioc_touch,1000,0.05
1767590100000,2956,12,926505,926505,926506,1,0.6826,1.44257,0.602679,0.577714,0.0249643,1,-31.6241,-31.6241,0,0,0,exec_ioc_touch,exec_ioc_touch,1000,0.05
1767591000000,2944,12,927168,927168,927169,1,-0.427567,2.6468e-10,0.604167,0.579429,0.0247381,1,-41.3426,-41.3426,0,0,0,exec_ioc_touch,exec_ioc_touch,1000,0.05
1767591900000,2932,12,925666,925666,925667,1,-0.38141,0.313349,0.605655,0.581143,0.0245119,1,-35.3904,-35.3904,0,0,0,exec_ioc_touch,exec_ioc_touch,1000,0.05
1767592800000,2920,12,923710,923710,923711,1,-0.203778,0.626301,0.607143,0.582857,0.0242857,1,-32.0238,-32.0238,0,0,0,exec_ioc_touch,exec_ioc_touch,1000,0.05
1767593700000,2908,12,924383,924383,924384,1,-0.382687,0.0161613,0.608631,0.584571,0.0240595,1,-41.8486,-41.8486,0,0,0,exec_ioc_touch,exec_ioc_touch,1000,0.05
1767594600000,2896,12,922769,922769,922770,1,-0.282073,0.00080755,0.610119,0.586286,0.0238333,1,-43.3425,-43.3425,0,0,0,exec_ioc_touch,exec_ioc_touch,1000,0.05
1767595500000,2884,12,924238,924238,924239,1,0.115916,2.01257,0.611607,0.588,0.0236071,1,-9.68297,-9.68297,0,0,0,exec_ioc_touch,exec_ioc_touch,1000,0.05
1767596400000,2872,12,924910,924910,924911,1,-0.271734,6.34713e-07,0.613095,0.589714,0.023381,1,-42.9453,-42.9453,0,0,0,exec_ioc_touch,exec_ioc_touch,1000,0.05
1767597300000,2860,11,926187,926187,926188,1,0.736906,6.79926e-07,0.614583,0.591429,0.0231548,1,-59.1324,-59.1324,0,0,0,exec_ioc_touch,exec_ioc_touch,1000,0.05
1767598200000,2849,11,925640,925640,925641,1,-0.727414,0.537838,0.616071,0.593,0.0230714,1,-23.7958,-23.7958,0,0,0,exec_ioc_touch,exec_ioc_touch,1000,0.05
1767599100000,2838,11,925410,925410,925411,1,-0.679152,3.56611,0.61756,0.594571,0.0229881,1,36.0884,36.0884,0,0,0,exec_ioc_touch,exec_ioc_touch,1000,0.05
1767600000000,2827,11,925215,925215,925216,1,-0.552249,1.14197,0.619048,0.596143,0.0229048,1,-18.259,-18.259,0,0,0,exec_ioc_touch,exec_ioc_touch,1000,0.05
1767600900000,2816,11,926469,926469,926470,1,-0.117574,0.30485,0.620536,0.597714,0.0228214,1,-39.7731,-39.7731,0,0,0,exec_ioc_touch,exec_ioc_touch,1000,0.05
1767601800000,2805,11,927057,927057,927058,1,0.633627,2.30669,0.622024,0.599286,0.0227381,1,-16.0851,-16.0851,0,0,0,exec_ioc_touch,exec_ioc_touch,1000,0.05
1767602700000,2794,11,924804,924804,924805,1,-0.129948,1.76628e-13,0.623512,0.600857,0.0226548,1,-44.8647,-44.8647,0,0,0,exec_ioc_touch,exec_ioc_touch,1000,0.05
1767603600000,2783,11,924748,924748,924749,1,-0.67753,3.25927,0.625,0.602429,0.0225714,1,23.0003,23.0003,0,0,0,exec_ioc_touch,exec_ioc_touch,1000,0.05
1767604500000,2772,11,924378,924378,924379,1,0.812906,0.939398,0.626488,0.604,0.0224881,1,-42.9003,-42.9003,0,0,0,exec_ioc_touch,exec_ioc_touch,1000,0.05
1767605400000,2761,11,926365,926365,926366,1,0.095018,5.35561,0.627976,0.605571,0.0224048,1,47.9294,47.9294,0,0,0,exec_ioc_touch,exec_ioc_touch,1000,0.05
1767606300000,2750,11,926525,926525,926526,1,0.411414,0.191006,0.629464,0.607143,0.0223214,1,-49.9258,-49.9258,0,0,0,exec_ioc_touch,exec_ioc_touch,1000,0.05
1767607200000,2739,11,926900,926900,926901,1,0.207171,0.285598,0.630952,0.608714,0.0222381,1,-44.5396,-44.5396,0,0,0,exec_ioc_touch,exec_ioc_touch,1000,0.05
1767608100000,2728,11,929153,929153,929154,1,-0.296922,6.48684,0.63244,0.610286,0.0221548,1,67.0633,67.0633,0,0,0,exec_ioc_touch,exec_ioc_touch,1000,0.05
1767609000000,2717,11,929033,929033,929034,1,-0.263722,9.1081e-06,0.633929,0.611857,0.0220714,1,-40.8626,-40.8626,0,0,0,exec_ioc_touch,exec_ioc_touch,1000,0.05
1767609900000,2706,11,928537,928537,928538,1,0.0155799,1.10989,0.635417,0.613429,0.0219881,1,-25.9569,-25.9569,0,0,0,exec_ioc_touch,exec_ioc_touch,1000,0.05
1767610800000,2695,11,930873,930873,930874,1,0.537742,5.88408,0.636905,0.615,0.0219048,1,56.5571,56.5571,0,0,0,exec_ioc_touch,exec_ioc_touch,1000,0.05
1767611700000,2684,11,928983,928983,928984,1,-0.547416,0.0963846,0.638393,0.616571,0.0218214,1,-36.7395,-36.7395,0,0,0,exec_ioc_touch,exec_ioc_touch,1000,0.05
1767612600000,2673,11,929744,929744,929745,1,0.0455829,1.31674,0.639881,0.618143,0.0217381,1,-24.5298,-24.5298,0,0,0,exec_ioc_touch,exec_ioc_touch,1000,0.05
1767613500000,2662,11,930111,930111,930112,1,0.452599,5.75509,0.641369,0.619714,0.0216548,1,46.7293,46.7293,0,0,0,exec_ioc_touch,exec_ioc_touch,1000,0.05
1767614400000,2651,11,931341,931341,931342,1,0.792056,0.148486,0.642857,0.621286,0.0215714,1,-56.8088,-56.8088,0,0,0,exec_ioc_touch,exec_ioc_touch,1000,0.05
1767615300000,2640,11,931536,931536,931537,1,-0.665695,1.66757,0.644345,0.622857,0.0214881,1,-8.35638,-8.35638,0,0,0,exec_ioc_touch,exec_ioc_touch,1000,0.05
1767616200000,2629,11,929239,929239,929240,1,-0.579678,0.718012,0.645833,0.624429,0.0214048,1,-26.0044,-26.0044,0,0,0,exec_ioc_touch,exec_ioc_touch,1000,0.05
1767617100000,2618,11,928093,928093,928094,1,-0.371406,1.23797,0.647321,0.626,0.0213214,1,-21.054,-21.054,0,0,0,exec_ioc_touch,exec_ioc_touch,1000,0.05
1767618000000,2607,11,928755,928755,928756,1,-0.244444,0.489788,0.64881,0.627571,0.0212381,1,-34.2998,-34.2998,0,0,0,exec_ioc_touch,exec_ioc_touch,1000,0.05
1767618900000,2596,11,929319,929319,929320,1,0.667832,0.703002,0.650298,0.629143,0.0211548,1,-43.9512,-43.9512,0,0,0,exec_ioc_touch,exec_ioc_touch,1000,0.05
1767619800000,2585,11,927881,927881,927882,1,0.396841,0.62841,0.651786,0.630714,0.0210714,1,-40.415,-40.415,0,0,0,exec_ioc_touch,exec_ioc_touch,1000,0.05
1767620700000,2574,11,926029,926029,926030,1,-0.725027,3.27853,0.653274,0.632286,0.0209881,1,18.9638,18.9638,0,0,0,exec_ioc_touch,exec_ioc_touch,1000,0.05
1767621600000,2563,11,927401,927401,927402,1,0.151277,0.71059,0.654762,0.633857,0.0209048,1,-35.3619,-35.3619,0,0,0,exec_ioc_touch,exec_ioc_touch,1000,0.05
1767622500000,2552,11,927423,927423,927424,1,0.454545,0.483622,0.65625,0.635429,0.0208214,1,-42.777,-42.777,0,0,0,exec_ioc_touch,exec_ioc_touch,1000,0.05
1767623400000,2541,11,927711,927711,927712,1,0.286211,5.65454,0.657738,0.637,0.0207381,1,43.0529,43.0529,0,0,0,exec_ioc_touch,exec_ioc_touch,1000,0.05
1767624300000,2530,11,932770,932770,932771,1,0.0184127,16.808,0.659226,0.638571,0.0206548,1,138.788,138.788,0,0,1,exec_skip,exec_skip,1000,0.05
1767625200000,2530,12,934365,934351,934380,29,-0.438222,9.33358,0.660714,0.638571,0.0221429,1,-231.886,-231.886,0,0,1,exec_skip,exec_skip,1000,0.05
1767626100000,2530,12,934468,934468,934469,1,-0.69712,13.3307,0.662202,0.638571,0.023631,1,748.769,748.769,0,0,1,exec_skip,exec_skip,1000,0.05
1767627000000,2530,12,933861,933861,933862,1,-0.502941,12.0328,0.66369,0.638571,0.025119,1,247.172,247.172,0,0,0,exec_ioc_touch,exec_ioc_touch,1000,0.05
1767627900000,2518,12,938552,938552,938553,1,0.635593,5.73187,0.665179,0.640286,0.0248929,1,38.795,38.795,0,0,0,exec_ioc_touch,exec_ioc_touch,1000,0.05
1767628800000,2506,12,939528,939528,939529,1,0.440827,5.77609,0.666667,0.642,0.0246667,1,80.9391,80.9391,0,0,0,exec_ioc_touch,exec_ioc_touch,1000,0.05
1767629700000,2494,12,939266,939266,939267,1,-0.507286,8.27011,0.668155,0.643714,0.0244405,1,96.7575,96.7575,0,0,0,exec_ioc_touch,exec_ioc_touch,1000,0.05
1767630600000,2482,12,938488,938488,938489,1,0.279882,13.4551,0.669643,0.645429,0.0242143,1,35.1335,35.1335,0,0,1,exec_skip,exec_skip,1000,0.05
1767631500000,2482,12,937256,937256,937257,1,-0.386768,4.81944,0.671131,0.645429,0.0257024,1,55.0632,55.0632,0,0,0,exec_ioc_touch,exec_ioc_touch,1000,0.05
1767632400000,2470,12,937056,937056,937057,1,0.20595,1.51447,0.672619,0.647143,0.0254762,1,45.7698,45.7698,0,0,0,exec_ioc_touch,exec_ioc_touch,1000,0.05
1767633300000,2458,12,936835,936835,936836,1,-0.940684,1.37254,0.674107,0.648857,0.02525,1,78.2136,78.2136,0,0,0,exec_ioc_touch,exec_ioc_touch,1000,0.05
1767634200000,2446,12,934455,934455,934456,1,-0.243065,6.18641,0.675595,0.650571,0.0250238,1,9.92477,9.92477,0,0,0,exec_ioc_touch,exec_ioc_touch,1000,0.05
1767635100000,2434,12,937941,937941,937942,1,0.0263876,10.8698,0.677083,0.652286,0.0247976,1,-55.6782,-55.6782,0,0,1,exec_skip,exec_skip,1000,0.05
1767636000000,2434,12,943314,943314,943315,1,0.268525,13.1215,0.678571,0.652286,0.0262857,1,17.2676,17.2676,0,0,1,exec_skip,exec_skip,1000,0.05
1767636900000,2434,12,942208,942208,942209,1,0.506403,8.27005,0.68006,0.652286,0.0277738,1,-23.6774,-23.6774,0,0,0,exec_ioc_touch,exec_ioc_touch,1000,0.05
1767637800000,2422,12,940339,940339,940340,1,-0.669681,3.02389,0.681548,0.654,0.0275476,1,61.6596,61.6596,0,0,0,exec_ioc_touch,exec_ioc_touch,1000,0.05
1767638700000,2410,12,940087,940087,940088,1,-0.753165,0.965541,0.683036,0.655714,0.0273214,1,65.0068,65.0068,0,0,0,exec_ioc_touch,exec_ioc_touch,1000,0.05
1767639600000,2398,12,944546,944546,944547,1,-0.697503,2.14082,0.684524,0.657429,0.0270952,1,49.7783,49.7783,0,0,0,exec_ioc_touch,exec_ioc_touch,1000,0.05
1767640500000,2386,12,943284,943284,943285,1,-0.496069,1.75067,0.686012,0.659143,0.026869,1,45.2883,45.2883,0,0,0,exec_ioc_touch,exec_ioc_touch,1000,0.05
1767641400000,2374,12,944185,944185,944186,1,-0.388395,5.67359,0.6875,0.660857,0.0266429,1,-8.26541,-8.26541,0,0,0,exec_ioc_touch,exec_ioc_touch,1000,0.05
1767642300000,2362,12,942624,942624,942625,1,-0.758399,0.185892,0.688988,0.662571,0.0264167,1,70.0294,70.0294,0,0,0,exec_ioc_touch,exec_ioc_touch,1000,0.05
1767643200000,2350,12,943015,943015,943016,1,-0.568972,0.178956,0.690476,0.664286,0.0261905,1,64.9744,64.9744,0,0,0,exec_ioc_touch,exec_ioc_touch,1000,0.05
1767644100000,2338,12,944169,944169,944170,1,-0.634895,6.44014,0.691964,0.666,0.0259643,1,-13.9492,-13.9492,0,0,0,exec_ioc_touch,exec_ioc_touch,1000,0.05
1767645000000,2326,12,947186,947186,947187,1,-0.083004,17.6803,0.693452,0.667714,0.0257381,1,-160.151,-160.151,0,0,1,exec_skip,exec_skip,1000,0.05
1767645900000,2326,12,941798,941798,941799,1,-0.719198,2.55455,0.69494,0.667714,0.0272262,1,-6.05681,-6.05681,0,0,0,exec_ioc_touch,exec_ioc_touch,1000,0.05
1767646800000,2314,12,941711,941711,941712,1,0.46793,20.0465,0.696429,0.669429,0.027,1,-539.396,-539.396,0,0,1,exec_skip,exec_skip,1000,0.05
1767647700000,2314,12,939860,939860,939861,1,-0.385721,0.0021756,0.697917,0.669429,0.0284881,1,66.482,66.482,0,0,0,exec_ioc_touch,exec_ioc_touch,1000,0.05
1767648600000,2302,12,938421,938421,938422,1,-0.529215,1.9957,0.699405,0.671143,0.0282619,1,136.776,136.776,0,0,0,exec_ioc_touch,exec_ioc_touch,1000,0.05
1767649500000,2290,12,940816,940816,940817,1,-0.503279,0.00102759,0.700893,0.672857,0.0280357,1,66.3965,66.3965,0,0,0,exec_ioc_touch,exec_ioc_touch,1000,0.05
1767650400000,2278,12,940931,940931,940932,1,-0.54542,0.0515137,0.702381,0.674571,0.0278095,1,68.0912,68.0912,0,0,0,exec_ioc_touch,exec_ioc_touch,1000,0.05
1767651300000,2266,12,941815,941815,941816,1,0.710351,1.10013,0.703869,0.676286,0.0275833,1,77.2056,77.2056,0,0,0,exec_ioc_touch,exec_ioc_touch,1000,0.05
1767652200000,2254,12,942491,942491,942492,1,-0.0793005,4.06837,0.705357,0.678,0.0273571,1,186.831,186.831,0,0,0,exec_ioc_touch,exec_ioc_touch,1000,0.05
1767653100000,2242,12,942748,942748,942749,1,0.123026,1.71115,0.706845,0.679714,0.027131,1,103.348,103.348,0,0,0,exec_ioc_touch,exec_ioc_touch,1000,0.05
1767654000000,2230,12,941772,941772,941773,1,0.379217,4.08944,0.708333,0.681429,0.0269048,1,167.23,167.23,0,0,0,exec_ioc_touch,exec_ioc_touch,1000,0.05
1767654900000,2218,12,940427,940427,940428,1,0.0342084,0.00042587,0.709821,0.683143,0.0266786,1,49.9281,49.9281,0,0,0,exec_ioc_touch,exec_ioc_touch,1000,0.05
1767655800000,2206,12,939969,939969,939970,1,0.0770171,0.0740207,0.71131,0.684857,0.0264524,1,50.6091,50.6091,0,0,0,exec_ioc_touch,exec_ioc_touch,1000,0.05
1767656700000,2194,12,939164,939164,939165,1,-0.691066,1.61935,0.712798,0.686571,0.0262262,1,109.297,109.297,0,0,0,exec_ioc_touch,exec_ioc_touch,1000,0.05
1767657600000,2182,12,938628,938628,938629,1,-0.440433,0.286899,0.714286,0.688286,0.026,1,64.8489,64.8489,0,0,0,exec_ioc_touch,exec_ioc_touch,1000,0.05
1767658500000,2170,12,937301,937301,937302,1,-0.354349,0.864658,0.715774,0.69,0.0257738,1,78.2868,78.2868,0,0,0,exec_ioc_touch,exec_ioc_touch,1000,0.05
1767659400000,2158,12,938022,938022,938023,1,0.0462997,0.00562667,0.717262,0.691714,0.0255476,1,47.3051,47.3051,0,0,0,exec_ioc_touch,exec_ioc_touch,1000,0.05
1767660300000,2146,12,936435,936435,936436,1,-0.00645161,4.69342,0.71875,0.693429,0.0253214,1,177.427,177.427,0,0,0,exec_ioc_touch,exec_ioc_touch,1000,0.05
1767661200000,2134,12,938074,938074,938075,1,-0.618477,6.96609,0.720238,0.695143,0.0250952,1,221.39,221.39,0,0,0,exec_ioc_touch,exec_ioc_touch,1000,0.05
1767662100000,2122,12,939139,939139,939140,1,-0.589381,2.16474,0.721726,0.696857,0.024869,1,82.8282,82.8282,0,0,0,exec_ioc_touch,exec_ioc_touch,1000,0.05
1767663000000,2110,12,941120,941120,941121,1,-0.75615,6.59858,0.723214,0.698571,0.0246429,1,144.871,144.871,0,0,0,exec_ioc_touch,exec_ioc_touch,1000,0.05
1767663900000,2098,12,938404,938404,938405,1,0.873589,3.65173,0.724702,0.700286,0.0244167,1,55.6423,55.6423,0,0,0,exec_ioc_touch,exec_ioc_touch,1000,0.05
1767664800000,2086,12,937738,937738,937739,1,-0.337035,3.72143,0.72619,0.702,0.0241905,1,82.0237,82.0237,0,0,0,exec_ioc_touch,exec_ioc_touch,1000,0.05
1767665700000,2074,12,937499,937499,937500,1,-0.487081,0.220739,0.727679,0.703714,0.0239643,1,51.0785,51.0785,0,0,0,exec_ioc_touch,exec_ioc_touch,1000,0.05
1767666600000,2062,12,936962,936962,936963,1,-0.546742,1.46927,0.729167,0.705429,0.0237381,1,60.3733,60.3733,0,0,0,exec_ioc_touch,exec_ioc_touch,1000,0.05
1767667500000,2050,12,936244,936244,936245,1,0.306596,0.0802912,0.730655,0.707143,0.0235119,1,33.8443,33.8443,0,0,0,exec_ioc_touch,exec_ioc_touch,1000,0.05
1767668400000,2038,12,936205,936205,936206,1,0.255769,0.114791,0.732143,0.708857,0.0232857,1,35.6738,35.6738,0,0,0,exec_ioc_touch,exec_ioc_touch,1000,0.05
1767669300000,2026,12,937565,937565,937566,1,0.249196,4.60783e-06,0.733631,0.710571,0.0230595,1,34.5261,34.5261,0,0,0,exec_ioc_touch,exec_ioc_touch,1000,0.05
1767670200000,2014,12,937900,937900,937901,1,-0.309735,0.762173,0.735119,0.712286,0.0228333,1,49.5449,49.5449,0,0,0,exec_ioc_touch,exec_ioc_touch,1000,0.05
1767671100000,2002,12,937649,937649,937650,1,0.241463,0.921168,0.736607,0.714,0.0226071,1,40.1431,40.1431,0,0,0,exec_ioc_touch,exec_ioc_touch,1000,0.05
1767672000000,1990,12,937625,937625,937626,1,-0.159728,2.83759e-11,0.738095,0.715714,0.022381,1,41.6671,41.6671,0,0,0,exec_ioc_touch,exec_ioc_touch,1000,0.05
1767672900000,1978,12,939569,939569,939570,1,0.755141,12.9172,0.739583,0.717429,0.0221548,1,119.62,119.62,0,0,1,exec_skip,exec_skip,1000,0.05
1767673800000,1978,12,938686,938686,938687,1,-0.503876,2.28702e-10,0.741071,0.717429,0.0236429,1,47.1757,47.1757,0,0,0,exec_ioc_touch,exec_ioc_touch,1000,0.05
1767674700000,1966,12,938254,938254,938255,1,-0.207605,1.51892e-06,0.74256,0.719143,0.0234167,1,41.4158,41.4158,0,0,0,exec_ioc_touch,exec_ioc_touch,1000,0.05
1767675600000,1954,12,938063,938063,938064,1,-0.92379,0.388472,0.744048,0.720857,0.0231905,1,56.1384,56.1384,0,0,0,exec_ioc_touch,exec_ioc_touch,1000,0.05
1767676500000,1942,12,937410,937410,937411,1,-0.6059,1.54276e-07,0.745536,0.722571,0.0229643,1,45.6046,45.6046,0,0,0,exec_ioc_touch,exec_ioc_touch,1000,0.05
1767677400000,1930,12,936980,936980,936981,1,0.251515,1.21325,0.747024,0.724286,0.0227381,1,38.3956,38.3956,0,0,0,exec_ioc_touch,exec_ioc_touch,1000,0.05
1767678300000,1918,12,936139,936139,936140,1,-0.784579,4.45802,0.748512,0.726,0.0225119,1,74.6064,74.6064,0,0,0,exec_ioc_touch,exec_ioc_touch,1000,0.05
1767679200000,1906,12,935999,935999,936000,1,-0.611909,0.95859,0.75,0.727714,0.0222857,1,48.0427,48.0427,0,0,0,exec_ioc_touch,exec_ioc_touch,1000,0.05
1767680100000,1894,12,937534,937534,937535,1,0.259705,0.00011624,0.751488,0.729429,0.0220595,1,29.0074,29.0074,0,0,0,exec_ioc_touch,exec_ioc_touch,1000,0.05
1767681000000,1882,12,937579,937579,937580,1,0.367694,0.0459727,0.752976,0.731143,0.0218333,1,28.5046,28.5046,0,0,0,exec_ioc_touch,exec_ioc_touch,1000,0.05
1767681900000,1870,12,939150,939150,939151,1,-0.129447,1.2877,0.754464,0.732857,0.0216071,1,42.3427,42.3427,0,0,0,exec_ioc_touch,exec_ioc_touch,1000,0.05
1767682800000,1858,12,937749,937749,937750,1,-0.780756,0.0138783,0.755952,0.734571,0.021381,1,45.6965,45.6965,0,0,0,exec_ioc_touch,exec_ioc_touch,1000,0.05
1767683700000,1846,12,935543,935543,935544,1,-0.0230179,0.0688032,0.75744,0.736286,0.0211548,1,33.29,33.29,0,0,0,exec_ioc_touch,exec_ioc_touch,1000,0.05
1767684600000,1834,12,933959,933959,933960,1,0.61626,1.29863,0.758929,0.738,0.0209286,1,26.6405,26.6405,0,0,0,exec_ioc_touch,exec_ioc_touch,1000,0.05
1767685500000,1822,12,932783,932783,932784,1,0.709428,5.54587,0.760417,0.739714,0.0207024,1,40.613,40.613,0,0,0,exec_ioc_touch,exec_ioc_touch,1000,0.05
1767686400000,1810,12,932520,932520,932521,1,-0.659574,0.0736905,0.761905,0.741429,0.0204762,1,42.7125,42.7125,0,0,0,exec_ioc_touch,exec_ioc_touch,1000,0.05
1767687300000,1798,12,933812,933812,933813,1,0.598691,4.25437,0.763393,0.743143,0.02025,1,28.8944,28.8944,0,0,0,exec_ioc_touch,exec_ioc_touch,1000,0.05
1767688200000,1786,12,933260,933260,933261,1,-0.189956,3.94414,0.764881,0.744857,0.0200238,1,38.2232,38.2232,0,0,0,exec_ioc_touch,exec_ioc_touch,1000,0.05
1767689100000,1774,12,932483,932483,932484,1,0.0801728,0.195148,0.766369,0.746571,0.0197976,1,29.8248,29.8248,1,0,0,exec_ioc_touch,exec_ioc_touch,1000,0.05
1767690000000,1762,12,932337,932337,932338,1,-0.43661,1.15625e-07,0.767857,0.748286,0.0195714,1,37.7482,37.7482,1,0,0,exec_ioc_touch,exec_ioc_touch,1000,0.05
1767690900000,1750,12,933627,933627,933628,1,0.13059,0.222571,0.769345,0.75,0.0193452,1,28.5484,28.5484,1,0,0,exec_ioc_touch,exec_ioc_touch,1000,0.05
1767691800000,1738,12,934733,934733,934734,1,0.861125,1.56327,0.770833,0.751714,0.019119,1,16.7754,16.7754,1,0,0,exec_ioc_touch,exec_ioc_touch,1000,0.05
1767692700000,1735,12,934561,934561,934562,1,0.218656,0.00204114,0.772321,0.752143,0.0201786,1,26.4905,26.4905,0,0,0,exec_ioc_touch,exec_ioc_touch,1000,0.05
1767693600000,1723,12,934616,934616,934617,1,0.203548,0.000402338,0.77381,0.753857,0.0199524,1,26.4167,26.4167,1,0,0,exec_ioc_touch,exec_ioc_touch,1000,0.05
1767694500000,1711,12,935820,935820,935821,1,0.425311,6.11313e-05,0.775298,0.755571,0.0197262,1,22.4592,22.4592,1,0,0,exec_ioc_touch,exec_ioc_touch,1000,0.05
1767695400000,1699,12,935938,935938,935939,1,-0.713652,0.350528,0.776786,0.757286,0.0195,1,41.0042,41.0042,1,0,0,exec_ioc_touch,exec_ioc_touch,1000,0.05
1767696300000,1687,12,935897,935897,935898,1,0.615601,0.735269,0.778274,0.759,0.0192738,1,17.9962,17.9962,1,0,0,exec_ioc_touch,exec_ioc_touch,1000,0.05
1767697200000,1675,12,935831,935831,935832,1,0.333109,3.21908,0.779762,0.760714,0.0190476,1,21.9556,21.9556,1,0,0,exec_ioc_touch,exec_ioc_touch,1000,0.05
1767698100000,1663,12,937790,937790,937791,1,0.00614182,0.00357355,0.78125,0.762429,0.0188214,1,27.389,27.389,1,0,0,exec_ioc_touch,exec_ioc_touch,1000,0.05
1767699000000,1651,12,938356,938356,938357,1,0.130941,0.0160087,0.782738,0.764143,0.0185952,1,25.0371,25.0371,1,0,0,exec_ioc_touch,exec_ioc_touch,1000,0.05
1767699900000,1639,12,938006,938006,938007,1,0.0137615,8.09816e-06,0.784226,0.765857,0.018369,1,26.6712,26.6712,1,0,0,exec_ioc_touch,exec_ioc_touch,1000,0.05
1767700800000,1627,12,938434,938434,938435,1,0.816874,0.0647297,0.785714,0.767571,0.0181429,1,13.1578,13.1578,1,0,0,exec_ioc_touch,exec_ioc_touch,1000,0.05
1767701700000,1615,12,938992,938992,938993,1,-0.600533,1.5947,0.787202,0.769286,0.0179167,1,35.8252,35.8252,1,0,0,exec_ioc_touch,exec_ioc_touch,1000,0.05
1767702600000,1603,12,938692,938692,938693,1,-0.750132,3.13928,0.78869,0.771,0.0176905,1,36.0101,36.0101,1,0,0,exec_ioc_touch,exec_ioc_touch,1000,0.05
1767703500000,1591,12,938359,938359,938360,1,0.337234,4.01112,0.790179,0.772714,0.0174643,1,13.4984,13.4984,1,0,0,exec_ioc_touch,exec_ioc_touch,1000,0.05
1767704400000,1579,12,938716,938716,938717,1,-0.558497,0.00186228,0.791667,0.774429,0.0172381,1,35.3667,35.3667,1,0,0,exec_ioc_touch,exec_ioc_touch,1000,0.05
1767705300000,1567,12,938250,938250,938251,1,-0.817395,5.86285,0.793155,0.776143,0.0170119,1,36.4829,36.4829,1,0,0,exec_ioc_touch,exec_ioc_touch,1000,0.05
1767706200000,1555,12,937319,937319,937320,1,0.450684,0.799427,0.794643,0.777857,0.0167857,1,11.3846,11.3846,1,0,0,exec_ioc_touch,exec_ioc_touch,1000,0.05
1767707100000,1543,12,936995,936995,936996,1,0.41248,1.45205e-12,0.796131,0.779571,0.0165595,1,17.2061,17.2061,1,0,0,exec_ioc_touch,exec_ioc_touch,1000,0.05
1767708000000,1531,12,937235,937235,937236,1,0.116728,0.000290039,0.797619,0.781286,0.0163333,1,21.3721,21.3721,1,0,0,exec_ioc_touch,exec_ioc_touch,1000,0.05
1767708900000,1519,12,941089,941089,941090,1,0.661692,2.63549,0.799107,0.783,0.0161071,1,-4.96016,-4.96016,0,0,0,exec_passive,exec_passive,1000,0.05
1767709800000,1519,12,943396,943396,943397,1,-0.412935,6.66671,0.800595,0.783,0.0175952,1,-1.36357,-1.36357,0,0,0,exec_passive,exec_passive,1000,0.05
1767710700000,1519,12,941111,941111,941112,1,0.256456,13.0823,0.802083,0.783,0.0190833,1,-156.073,-156.073,0,0,1,exec_skip,exec_skip,1000,0.05
1767711600000,1519,12,938420,938420,938421,1,-0.252538,3.04858,0.803571,0.783,0.0205714,1,31.2556,31.2556,0,0,0,exec_ioc_touch,exec_ioc_touch,1000,0.05
1767712500000,1507,12,937599,937599,937600,1,0.0151057,8.62159,0.80506,0.784714,0.0203452,1,7.33599,7.33599,0,0,0,exec_ioc_touch,exec_ioc_touch,1000,0.05
1767713400000,1495,12,941322,941322,941323,1,-0.0648072,18.724,0.806548,0.786429,0.020119,1,260.639,260.639,0,0,1,exec_skip,exec_skip,1000,0.05
1767714300000,1495,12,934846,934836,934857,21,-0.538601,7.83039,0.808036,0.786429,0.0216071,1,2035.33,2035.33,0,0,1,exec_skip,exec_skip,1000,0.05
1767715200000,1495,12,936408,936408,936409,1,0.136253,2.59673,0.809524,0.786429,0.0230952,1,-472.446,-472.446,0,0,0,exec_ioc_touch,exec_ioc_touch,1000,0.05
1767716100000,1483,12,934799,934799,934800,1,-0.087128,8.98912,0.811012,0.788143,0.022869,1,-1072.82,-1072.82,0,0,0,exec_ioc_touch,exec_ioc_touch,1000,0.05
1767717000000,1471,12,928460,928460,928461,1,-0.0967391,7.77849,0.8125,0.789857,0.0226429,1,-620.29,-620.29,0,0,0,exec_ioc_touch,exec_ioc_touch,1000,0.05
1767717900000,1459,12,925517,925517,925518,1,0.648619,21.6514,0.813988,0.791571,0.0224167,1,-998,-998,0,0,1,exec_skip,exec_skip,1000,0.05
1767718800000,1459,12,926864,926864,926865,1,0.117248,1.56094,0.815476,0.791571,0.0239048,1,-92.2562,-92.2562,0,0,0,exec_ioc_touch,exec_ioc_touch,1000,0.05
1767719700000,1447,12,926230,926230,926231,1,-0.0796117,1.64101,0.816964,0.793286,0.0236786,1,-97.7536,-97.7536,0,0,0,exec_ioc_touch,exec_ioc_touch,1000,0.05
1767720600000,1435,12,925106,925106,925107,1,0.907928,3.18435,0.818452,0.795,0.0234524,1,16.6099,16.6099,0,0,0,exec_ioc_touch,exec_ioc_touch,1000,0.05
1767721500000,1423,12,922356,922356,922357,1,0.79596,10.3735,0.81994,0.796714,0.0232262,1,389.941,389.941,0,0,1,exec_skip,exec_skip,1000,0.05
1767722400000,1423,12,915892,915892,915893,1,-0.662108,9.49761,0.821429,0.796714,0.0247143,1,10.2492,10.2492,0,0,0,exec_ioc_touch,exec_ioc_touch,1000,0.05
1767723300000,1411,12,918350,918350,918351,1,-0.620087,2.9248,0.822917,0.798429,0.0244881,1,-175.561,-175.561,0,0,0,exec_ioc_touch,exec_ioc_touch,1000,0.05
1767724200000,1399,12,920135,920135,920136,1,0.409278,5.09816,0.824405,0.800143,0.0242619,1,-108.997,-108.997,0,0,0,exec_ioc_touch,exec_ioc_touch,1000,0.05
1767725100000,1387,12,919500,919500,919501,1,-0.523308,3.16616,0.825893,0.801857,0.0240357,1,-150.223,-150.223,0,0,0,exec_ioc_touch,exec_ioc_touch,1000,0.05
1767726000000,1375,12,920471,920471,920472,1,0.593882,2.92564,0.827381,0.803571,0.0238095,1,-114.665,-114.665,0,0,0,exec_ioc_touch,exec_ioc_touch,1000,0.05
1767726900000,1363,12,922213,922213,922214,1,-0.101754,0.584422,0.828869,0.805286,0.0235833,1,-174.355,-174.355,0,0,0,exec_ioc_touch,exec_ioc_touch,1000,0.05
1767727800000,1351,12,922572,922572,922573,1,-0.418294,0.0536893,0.830357,0.807,0.0233571,1,-192.033,-192.033,0,0,0,exec_ioc_touch,exec_ioc_touch,1000,0.05
1767728700000,1339,12,921261,921261,921262,1,0.746253,0.341302,0.831845,0.808714,0.023131,1,-151.353,-151.353,0,0,0,exec_ioc_touch,exec_ioc_touch,1000,0.05
1767729600000,1327,12,921120,921120,921121,1,-0.397223,6.02109,0.833333,0.810429,0.0229048,1,-59.9829,-59.9829,0,0,0,exec_ioc_touch,exec_ioc_touch,1000,0.05
1767730500000,1315,12,924327,924327,924328,1,-0.485304,0.00315961,0.834821,0.812143,0.0226786,1,-189.594,-189.594,0,0,0,exec_ioc_touch,exec_ioc_touch,1000,0.05
1767731400000,1303,12,925079,925079,925080,1,-0.698891,0.441393,0.83631,0.813857,0.0224524,1,-183.228,-183.228,0,0,0,exec_ioc_touch,exec_ioc_touch,1000,0.05
1767732300000,1291,12,926390,926390,926391,1,0.010538,0.616767,0.837798,0.815571,0.0222262,1,-156.424,-156.424,0,0,0,exec_ioc_touch,exec_ioc_touch,1000,0.05
1767733200000,1279,12,925065,925065,925066,1,-0.857748,11.3668,0.839286,0.817286,0.022,1,83.4552,83.4552,0,0,1,exec_skip,exec_skip,1000,0.05
1767734100000,1279,12,928908,928908,928909,1,-0.966278,6.81057,0.840774,0.817286,0.0234881,1,-14.13,-14.13,0,0,1,exec_skip,exec_skip,1000,0.05
1767735000000,1279,12,935401,935401,935402,1,0.929078,16.9658,0.842262,0.817286,0.0249762,1,235.271,235.271,0,0,1,exec_skip,exec_skip,1000,0.05
1767735900000,1279,13,936277,936277,936278,1,0.553435,0.35806,0.84375,0.817286,0.0264643,1,-155.412,-155.412,0,0,0,exec_ioc_touch,exec_ioc_touch,1000,0.05
1767736800000,1266,13,932589,932589,932590,1,-0.712565,4.65915,0.845238,0.819143,0.0260952,1,-174.284,-174.284,0,0,0,exec_ioc_touch,exec_ioc_touch,1000,0.05
1767737700000,1253,13,931086,931086,931087,1,-0.860968,2.80796,0.846726,0.821,0.0257262,1,-170.848,-170.848,0,0,0,exec_ioc_touch,exec_ioc_touch,1000,0.05
1767738600000,1240,13,931782,931782,931783,1,0.109612,5.07256,0.848214,0.822857,0.0253571,1,-113.031,-113.031,0,0,0,exec_ioc_touch,exec_ioc_touch,1000,0.05
1767739500000,1227,13,930490,930490,930491,1,-0.104089,3.40042,0.849702,0.824714,0.0249881,1,-124.108,-124.108,0,0,0,exec_ioc_touch,exec_ioc_touch,1000,0.05
1767740400000,1214,13,933630,933630,933631,1,-0.712617,6.75096,0.85119,0.826571,0.024619,1,-70.3931,-70.3931,0,0,0,exec_ioc_touch,exec_ioc_touch,1000,0.05
1767741300000,1201,13,934890,934890,934891,1,-0.20728,0.0319451,0.852679,0.828429,0.02425,1,-165.76,-165.76,0,0,0,exec_ioc_touch,exec_ioc_touch,1000,0.05
1767742200000,1188,12,935343,935343,935344,1,0.352359,2.64921,0.854167,0.830286,0.023881,1,-99.1177,-99.1177,0,0,0,exec_ioc_touch,exec_ioc_touch,1000,0.05
1767743100000,1176,12,935527,935527,935528,1,0.0341656,0.0583159,0.855655,0.832,0.0236548,1,-155.48,-155.48,0,0,0,exec_ioc_touch,exec_ioc_touch,1000,0.05
1767744000000,1164,12,937568,937568,937569,1,0.344885,9.38052,0.857143,0.833714,0.0234286,1,43.2617,43.2617,0,0,0,exec_ioc_touch,exec_ioc_touch,1000,0.05
1767744900000,1152,12,935716,935716,935717,1,-0.334388,0.00131397,0.858631,0.835429,0.0232024,1,-165.76,-165.76,0,0,0,exec_ioc_touch,exec_ioc_touch,1000,0.05
1767745800000,1140,12,933549,933549,933550,1,0.0747126,2.65069,0.860119,0.837143,0.0229762,1,-104.947,-104.947,0,0,0,exec_ioc_touch,exec_ioc_touch,1000,0.05
1767746700000,1128,12,931909,931909,931910,1,-0.72549,7.13108,0.861607,0.838857,0.02275,1,-35.0854,-35.0854,0,0,0,exec_ioc_touch,exec_ioc_touch,1000,0.05
1767747600000,1116,12,927018,927018,927019,1,-0.307644,9.47794,0.863095,0.840571,0.0225238,1,-3.91694,-3.91694,0,0,0,exec_ioc_touch,exec_ioc_touch,1000,0.05
1767748500000,1104,12,927998,927998,927999,1,-0.674749,0.000130474,0.864583,0.842286,0.0222976,1,-173.957,-173.957,0,0,0,exec_ioc_touch,exec_ioc_touch,1000,0.05
1767749400000,1092,12,925445,925445,925446,1,0.618774,8.36846,0.866071,0.844,0.0220714,1,6.89504,6.89504,0,0,0,exec_ioc_touch,exec_ioc_touch,1000,0.05
1767750300000,1080,12,924343,924343,924344,1,-0.166107,0.0276822,0.86756,0.845714,0.0218452,1,-156.351,-156.351,0,0,0,exec_ioc_touch,exec_ioc_touch,1000,0.05
1767751200000,1068,12,924404,924404,924405,1,-0.364249,1.55051,0.869048,0.847429,0.021619,1,-130.864,-130.864,0,0,0,exec_ioc_touch,exec_ioc_touch,1000,0.05
1767752100000,1056,12,926623,926623,926624,1,-0.2,5.19752,0.870536,0.849143,0.0213929,1,-50.0677,-50.0677,0,0,0,exec_ioc_touch,exec_ioc_touch,1000,0.05
1767753000000,1044,12,926818,926818,926819,1,-0.68929,3.43058,0.872024,0.850857,0.0211667,1,-107.027,-107.027,0,0,0,exec_ioc_touch,exec_ioc_touch,1000,0.05
1767753900000,1032,12,929209,929209,929210,1,0.518606,5.47,0.873512,0.852571,0.0209405,1,-27.829,-27.829,0,0,0,exec_ioc_touch,exec_ioc_touch,1000,0.05
1767754800000,1020,12,929572,929572,929573,1,0.584601,4.20815,0.875,0.854286,0.0207143,1,-43.9421,-43.9421,0,0,0,exec_ioc_touch,exec_ioc_touch,1000,0.05
1767755700000,1008,12,929652,929652,929653,1,0.116674,0.23533,0.876488,0.856,0.0204881,1,-136.574,-136.574,0,0,0,exec_ioc_touch,exec_ioc_touch,1000,0.05
1767756600000,996,12,930094,930094,930095,1,-0.858714,0.75516,0.877976,0.857714,0.0202619,1,-150.142,-150.142,0,0,0,exec_ioc_touch,exec_ioc_touch,1000,0.05
1767757500000,984,12,928621,928621,928622,1,0.276749,0.331576,0.879464,0.859429,0.0200357,1,-127.934,-127.934,0,0,0,exec_ioc_touch,exec_ioc_touch,1000,0.05
1767758400000,972,12,928158,928158,928159,1,0.630345,1.26271,0.880952,0.861143,0.0198095,1,-89.3584,-89.3584,0,0,0,exec_passive,exec_passive,1000,0.05
1767759300000,972,13,927969,927969,927970,1,0.19752,0.150438,0.88244,0.861143,0.0212976,1,-130.542,-130.542,0,0,0,exec_ioc_touch,exec_ioc_touch,1000,0.05
1767760200000,959,13,927708,927708,927709,1,-0.158756,2.92191,0.883929,0.863,0.0209286,1,-65.6971,-65.6971,0,0,0,exec_ioc_touch,exec_ioc_touch,1000,0.05
1767761100000,946,13,927643,927643,927644,1,-0.198058,0.0996201,0.885417,0.864857,0.0205595,1,-144.088,-144.088,0,0,0,exec_ioc_touch,exec_ioc_touch,1000,0.05
1767762000000,933,13,926680,926680,926681,1,0.0968421,0.041817,0.886905,0.866714,0.0201905,1,-134.985,-134.985,0,0,0,exec_ioc_touch,exec_ioc_touch,1000,0.05
1767762900000,920,13,927407,927407,927408,1,0.664627,0.850751,0.888393,0.868571,0.0198214,1,-92.4215,-92.4215,0,0,0,exec_passive,exec_passive,1000,0.05
1767763800000,920,13,927309,927309,927310,1,0.877504,3.99732,0.889881,0.868571,0.0213095,1,7.6592,7.6592,0,0,0,exec_ioc_touch,exec_ioc_touch,1000,0.05
1767764700000,917,13,927535,927535,927536,1,0.712538,0.666168,0.891369,0.869,0.022369,1,-93.7401,-93.7401,0,0,0,exec_ioc_touch,exec_ioc_touch,1000,0.05
1767765600000,904,13,925386,925386,925387,1,0.195688,2.43866,0.892857,0.870857,0.022,1,-55.8584,-55.8584,0,0,0,exec_ioc_touch,exec_ioc_touch,1000,0.05
1767766500000,891,13,926779,926779,926780,1,0.695093,3.97479,0.894345,0.872714,0.021631,1,9.74079,9.74079,0,0,0,exec_ioc_touch,exec_ioc_touch,1000,0.05
1767767400000,878,13,928296,928296,928297,1,0.164808,0.278658,0.895833,0.874571,0.0212619,1,-120.739,-120.739,0,0,0,exec_ioc_touch,exec_ioc_touch,1000,0.05
1767768300000,865,13,926760,926760,926761,1,-0.767694,0.66468,0.897321,0.876429,0.0208929,1,-138.147,-138.147,0,0,0,exec_ioc_touch,exec_ioc_touch,1000,0.05
1767769200000,852,13,926166,926166,926167,1,-0.515924,0.00138813,0.89881,0.878286,0.0205238,1,-147.222,-147.222,0,0,0,exec_ioc_touch,exec_ioc_touch,1000,0.05
1767770100000,839,13,927639,927639,927640,1,-0.145136,2.29124e-05,0.900298,0.880143,0.0201548,1,-133.779,-133.779,0,0,0,exec_ioc_touch,exec_ioc_touch,1000,0.05
1767771000000,826,13,928140,928140,928141,1,0.551443,3.9327e-11,0.901786,0.882,0.0197857,1,-110.155,-110.155,0,0,0,exec_passive,exec_passive,1000,0.05
1767771900000,826,13,928310,928310,928311,1,-0.731648,2.01051,0.903274,0.882,0.0212738,1,-87.0195,-87.0195,0,0,0,exec_ioc_touch,exec_ioc_touch,1000,0.05
1767772800000,813,13,928849,928849,928850,1,0.594967,2.18462,0.904762,0.883857,0.0209048,1,-37.2662,-37.2662,0,0,0,exec_ioc_touch,exec_ioc_touch,1000,0.05
1767773700000,800,13,929334,929334,929335,1,0.15442,1.63898e-07,0.90625,0.885714,0.0205357,1,-120.447,-120.447,0,0,0,exec_ioc_touch,exec_ioc_touch,1000,0.05
1767774600000,787,13,928674,928674,928675,1,-0.313121,0.00297911,0.907738,0.887571,0.0201667,1,-134.178,-134.178,0,0,0,exec_ioc_touch,exec_ioc_touch,1000,0.05
1767775500000,774,13,927686,927686,927687,1,-0.382741,6.5355e-15,0.909226,0.889429,0.0197976,1,-133.415,-133.415,0,0,0,exec_passive,exec_passive,1000,0.05
1767776400000,774,13,927176,927176,927177,1,-0.77585,0.71864,0.910714,0.889429,0.0212857,1,-121.448,-121.448,0,0,0,exec_ioc_touch,exec_ioc_touch,1000,0.05
1767777300000,761,13,922739,922739,922740,1,0.497405,6.96444,0.912202,0.891286,0.0209167,1,124.931,124.931,0,0,0,exec_ioc_touch,exec_ioc_touch,1000,0.05
1767778200000,748,13,919572,919572,919573,1,0.513673,1.24868,0.91369,0.893143,0.0205476,1,-81.0082,-81.0082,0,0,0,exec_ioc_touch,exec_ioc_touch,1000,0.05
1767779100000,735,13,917393,917393,917394,1,-0.469573,1.77351,0.915179,0.895,0.0201786,1,-94.6495,-94.6495,0,0,0,exec_ioc_touch,exec_ioc_touch,1000,0.05
1767780000000,722,13,917064,917064,917065,1,-0.26776,4.33186,0.916667,0.896857,0.0198095,1,-30.4001,-30.4001,0,0,0,exec_passive,exec_passive,1000,0.05
1767780900000,722,13,918357,918357,918358,1,0.447694,4.76886,0.918155,0.896857,0.0212976,1,-8.78048,-8.78048,0,0,0,exec_ioc_touch,exec_ioc_touch,1000,0.05
1767781800000,709,13,917880,917880,917881,1,0.329393,0.254426,0.919643,0.898714,0.0209286,1,-104.468,-104.468,0,0,0,exec_ioc_touch,exec_ioc_touch,1000,0.05
1767782700000,696,13,918744,918744,918745,1,-0.32866,0.0122698,0.921131,0.900571,0.0205595,1,-129.086,-129.086,0,0,0,exec_ioc_touch,exec_ioc_touch,1000,0.05
1767783600000,683,13,919619,919619,919620,1,0.716569,6.24042,0.922619,0.902429,0.0201905,1,34.8185,34.8185,0,0,0,exec_ioc_touch,exec_ioc_touch,1000,0.05
1767784500000,670,13,921155,921155,921156,1,0.0624277,1.11216,0.924107,0.904286,0.0198214,1,-91.2155,-91.2155,0,0,0,exec_passive,exec_passive,1000,0.05
1767785400000,670,14,921700,921700,921701,1,-0.797565,0.628554,0.925595,0.904286,0.0213095,1,-127.827,-127.827,0,0,0,exec_ioc_touch,exec_ioc_touch,1000,0.05
1767786300000,656,14,921993,921993,921994,1,0.842836,3.15396,0.927083,0.906286,0.0207976,1,-17.4036,-17.4036,0,0,0,exec_ioc_touch,exec_ioc_touch,1000,0.05
1767787200000,642,14,920900,920900,920901,1,0.140657,12.9023,0.928571,0.908286,0.0202857,1,183.085,183.085,0,0,1,exec_skip,exec_skip,1000,0.05
1767788100000,642,14,920485,920485,920486,1,-0.0752566,0.258698,0.93006,0.908286,0.0217738,1,-116.23,-116.23,0,0,0,exec_ioc_touch,exec_ioc_touch,1000,0.05
1767789000000,628,14,920598,920598,920599,1,-0.800576,0.0320802,0.931548,0.910286,0.0212619,1,-139.808,-139.808,0,0,0,exec_ioc_touch,exec_ioc_touch,1000,0.05
1767789900000,614,14,920122,920122,920123,1,-0.220887,0.476421,0.933036,0.912286,0.02075,1,-115.107,-115.107,0,0,0,exec_ioc_touch,exec_ioc_touch,1000,0.05
1767790800000,600,14,919964,919964,919965,1,0.481481,0.81953,0.934524,0.914286,0.0202381,1,-87.4619,-87.4619,0,0,0,exec_ioc_touch,exec_ioc_touch,1000,0.05
1767791700000,586,14,918898,918898,918899,1,-0.524664,7.13549,0.936012,0.916286,0.0197262,1,-42.2944,-42.2944,0,0,0,exec_passive,exec_passive,1000,0.05
1767792600000,586,14,922245,922245,922246,1,-0.76406,2.60349,0.9375,0.916286,0.0212143,1,-109.809,-109.809,0,0,0,exec_ioc_touch,exec_ioc_touch,1000,0.05
1767793500000,572,14,921521,921521,921522,1,0.274664,0.0681924,0.938988,0.918286,0.0207024,1,-101.013,-101.013,0,0,0,exec_ioc_touch,exec_ioc_touch,1000,0.05
1767794400000,558,14,920431,920431,920432,1,0.786996,0.29498,0.940476,0.920286,0.0201905,1,-81.1954,-81.1954,0,0,0,exec_ioc_touch,exec_ioc_touch,1000,0.05
1767795300000,544,14,916954,916954,916955,1,-0.585165,5.85335,0.941964,0.922286,0.0196786,1,-60.5843,-60.5843,0,0,0,exec_passive,exec_passive,1000,0.05
1767796200000,544,14,915512,915512,915513,1,0.127474,0.0584813,0.943452,0.922286,0.0211667,1,-104.066,-104.066,0,0,0,exec_ioc_touch,exec_ioc_touch,1000,0.05
1767797100000,530,14,918408,918408,918409,1,0.199637,2.73781,0.94494,0.924286,0.0206548,1,-76.5302,-76.5302,0,0,0,exec_ioc_touch,exec_ioc_touch,1000,0.05
1767798000000,516,14,919732,919732,919733,1,0.370766,3.58343,0.946429,0.926286,0.0201429,1,-51.0205,-51.0205,0,0,0,exec_ioc_touch,exec_ioc_touch,1000,0.05
1767798900000,502,14,916643,916643,916644,1,0.514986,7.31572,0.947917,0.928286,0.019631,1,12.3083,12.3083,1,0,0,exec_ioc_touch,exec_ioc_touch,1000,0.05
1767799800000,488,14,912765,912765,912766,1,-0.541597,8.84489,0.949405,0.930286,0.019119,1,-0.006124,-0.006124,0,0,0,exec_passive,exec_passive,1000,0.05
1767800700000,488,15,913687,913687,913688,1,-0.253159,2.27836,0.950893,0.930286,0.0206071,1,-74.4876,-74.4876,0,0,0,exec_ioc_touch,exec_ioc_touch,1000,0.05
1767801600000,473,15,913444,913444,913445,1,0.140135,5.23228,0.952381,0.932429,0.0199524,1,2.6455,2.6455,1,0,0,exec_ioc_touch,exec_ioc_touch,1000,0.05
1767802500000,458,15,915999,915999,916000,1,-0.526982,2.46161,0.953869,0.934571,0.0192976,1,-72.7819,-72.7819,0,0,0,exec_passive,exec_passive,1000,0.05
1767803400000,458,15,915949,915949,915950,1,0.687641,4.09958,0.955357,0.934571,0.0207857,1,0.219434,0.219434,0,0,0,exec_ioc_touch,exec_ioc_touch,1000,0.05
1767804300000,443,15,914625,914625,914626,1,0.767283,5.51179,0.956845,0.936714,0.020131,1,46.2515,46.2515,0,0,0,exec_ioc_touch,exec_ioc_touch,1000,0.05
1767805200000,428,15,912599,912599,912600,1,0.893009,3.23094,0.958333,0.938857,0.0194762,1,3.07449,3.07449,1,0,0,exec_ioc_touch,exec_ioc_touch,1000,0.05
1767806100000,413,15,912625,912621,912630,9,-0.642702,1.2599,0.959821,0.941,0.0188214,1,-1078.42,-1078.42,0,0,1,exec_skip,exec_skip,1000,0.05
1767807000000,413,16,916030,916030,916031,1,-0.54902,1.4827,0.96131,0.941,0.0203095,1,-22.3792,-22.3792,0,0,0,exec_ioc_touch,exec_ioc_touch,1000,0.05
1767807900000,397,16,915999,915999,916000,1,0.155865,3.77722,0.962798,0.943286,0.0195119,1,63.1498,63.1498,1,0,0,exec_ioc_touch,exec_ioc_touch,1000,0.05
1767808800000,381,16,912500,912500,912501,1,-0.799187,2.64456,0.964286,0.945571,0.0187143,1,9.75347,9.75347,1,0,0,exec_ioc_touch,exec_ioc_touch,1000,0.05
1767809700000,365,16,912620,912620,912621,1,0.782867,2.09738,0.965774,0.947857,0.0179167,1,27.8341,27.8341,1,0,0,exec_ioc_touch,exec_ioc_touch,1000,0.05
1767810600000,349,16,912809,912809,912810,1,-0.260729,7.50485,0.967262,0.950143,0.017119,1,167.462,167.462,1,0,0,exec_ioc_touch,exec_ioc_touch,1000,0.05
1767811500000,333,16,911510,911510,911511,1,-0.766813,0.166372,0.96875,0.952429,0.0163214,1,-69.3296,-69.3296,0,0,0,exec_passive,exec_passive,1000,0.05
1767812400000,333,16,909021,909021,909022,1,-0.130812,2.40186,0.970238,0.952429,0.0178095,1,0.1941,0.1941,1,0,0,exec_ioc_touch,exec_ioc_touch,1000,0.05
1767813300000,317,16,907872,907872,907873,1,-0.385945,7.53899,0.971726,0.954714,0.0170119,1,103.219,103.219,1,0,0,exec_ioc_touch,exec_ioc_touch,1000,0.05
1767814200000,301,16,909067,909067,909068,1,0.418502,4.08929,0.973214,0.957,0.0162143,1,53.9289,53.9289,1,0,0,exec_ioc_touch,exec_ioc_touch,1000,0.05
1767815100000,285,16,910979,910979,910980,1,0.422299,0.069777,0.974702,0.959286,0.0154167,1,-43.7038,-43.7038,0,0,0,exec_passive,exec_passive,1000,0.05
1767816000000,285,17,911867,911867,911868,1,0.133531,0.985033,0.97619,0.959286,0.0169048,1,-27.4771,-27.4771,0,0,0,exec_passive,exec_passive,1000,0.05
1767816900000,285,18,910000,910000,910001,1,0.0118991,0.128936,0.977679,0.959286,0.0183929,1,-51.0043,-51.0043,0,0,0,exec_passive,exec_passive,1000,0.05
1767817800000,285,19,909076,909076,909077,1,0.39252,0.69227,0.979167,0.959286,0.019881,1,-27.4994,-27.4994,0,0,0,exec_ioc_touch,exec_ioc_touch,1000,0.05
1767818700000,266,19,910345,910345,910346,1,0.651123,9.46408,0.980655,0.962,0.0186548,1,207.515,207.515,1,0,0,exec_ioc_touch,exec_ioc_touch,1000,0.05
1767819600000,247,19,910520,910520,910521,1,-0.525028,12.5317,0.982143,0.964714,0.0174286,1,39.9054,39.9054,0,0,1,exec_skip,exec_skip,1000,0.05
1767820500000,247,21,911816,911816,911817,1,0.414688,9.61068e-05,0.983631,0.964714,0.0189167,1,-47.2556,-47.2556,0,0,0,exec_passive,exec_passive,1000,0.05
1767821400000,247,23,911889,911889,911890,1,0.376524,0.0501009,0.985119,0.964714,0.0204048,1,-47.5757,-47.5757,0,0,0,exec_ioc_touch,exec_ioc_touch,1000,0.05
1767822300000,224,23,911191,911191,911192,1,-0.117733,0.000300501,0.986607,0.968,0.0186071,1,-58.462,-58.462,0,0,0,exec_passive,exec_passive,1000,0.05
1767823200000,224,25,910920,910920,910921,1,-0.0340201,12.5511,0.988095,0.968,0.0200952,1,-71.9287,-71.9287,0,0,1,exec_skip,exec_skip,1000,0.05
1767824100000,224,25,909856,909856,909857,1,0.42428,1.31916,0.989583,0.968,0.0215833,1,-74.3789,-74.3789,0,0,0,exec_ioc_touch,exec_ioc_touch,1000,0.05
1767825000000,199,25,910761,910761,910762,1,0.265556,0.417112,0.991071,0.971571,0.0195,1,-59.205,-59.205,0,0,0,exec_passive,exec_passive,1000,0.05
1767825900000,199,25,910604,910604,910605,1,-0.64878,0.0470136,0.99256,0.971571,0.0209881,1,-72.9737,-72.9737,0,0,0,exec_ioc_touch,exec_ioc_touch,1000,0.05
1767826800000,174,25,911798,911798,911799,1,-0.499259,0.7,0.994048,0.975143,0.0189048,1,-80.9721,-80.9721,0,1,0,exec_passive,exec_forced_ioc,1000,0.05
1767827700000,149,25,912409,912409,912410,1,0.541436,11.9723,0.995536,0.978714,0.0168214,1,-277.713,-277.713,0,1,0,exec_post_only,exec_forced_ioc,1000,0.05
1767828600000,124,25,913185,913185,913186,1,0.272303,0.878026,0.997024,0.982286,0.0147381,1,-46.9122,-46.9122,0,1,0,exec_passive,exec_forced_ioc,1000,0.05
1767829500000,99,25,912250,912250,912251,1,-0.0596693,0.000247387,0.998512,0.985857,0.0126548,1,-54.5983,-54.5983,0,1,0,exec_passive,exec_forced_ioc,1000,0.05
